date,daily_total,dow,week_weekend,device,temp,prcp
2015-03-04,14136,Wed,Weekday,Accupedo,4.3,1.3
2015-03-05,11248,Thu,Weekday,Accupedo,4.7,0
2015-03-06,12803,Fri,Weekday,Accupedo,5.4,0
2015-03-07,15011,Sat,Weekend,Accupedo,7.9,0
2015-03-08,9222,Sun,Weekend,Accupedo,10.2,0
2015-03-09,21452,Mon,Weekday,Accupedo,8.8,0
2015-03-10,27752,Tue,Weekday,Accupedo,8.7,0
2015-03-11,19080,Wed,Weekday,Accupedo,4.6,0
2015-03-12,14366,Thu,Weekday,Accupedo,6.2,0
2015-03-13,28952,Fri,Weekday,Accupedo,4.6,0
2015-03-14,7219,Sat,Weekend,Accupedo,3.6,0
2015-03-16,10513,Mon,Weekday,Accupedo,5.1,0
2015-03-17,24882,Tue,Weekday,Accupedo,8.8,0
2015-03-18,15841,Wed,Weekday,Accupedo,6.1,0
2015-03-19,19021,Thu,Weekday,Accupedo,6,0
2015-03-20,14067,Fri,Weekday,Accupedo,5.8,0
2015-03-21,36092,Sat,Weekend,Accupedo,6,0
2015-03-22,17301,Sun,Weekend,Accupedo,4.7,0
2015-03-23,24920,Mon,Weekday,Accupedo,4.7,0
2015-03-24,27463,Tue,Weekday,Accupedo,5.2,0
2015-03-25,18620,Wed,Weekday,Accupedo,5.2,10.9
2015-03-26,11280,Thu,Weekday,Accupedo,4.2,0
2015-03-27,19879,Fri,Weekday,Accupedo,6.2,0
2015-03-29,11325,Sun,Weekend,Accupedo,9.9,6.6
2015-03-30,15835,Mon,Weekday,Accupedo,7.8,2
2015-03-31,17745,Tue,Weekday,Accupedo,9.7,0.3
2015-04-01,16318,Wed,Weekday,Accupedo,6.9,0.3
2015-04-02,10579,Thu,Weekday,Accupedo,5.9,0.8
2015-04-03,10858,Fri,Weekday,Accupedo,5.1,0
2015-04-04,10138,Sat,Weekend,Accupedo,5,1
2015-04-05,20735,Sun,Weekend,Accupedo,4.9,0
2015-04-06,28079,Mon,Weekday,Accupedo,5.4,0
2015-04-07,50490,Tue,Weekday,Accupedo,7.2,0
2015-04-08,27226,Wed,Weekday,Accupedo,8.1,0
2015-04-09,17222,Thu,Weekday,Accupedo,11.2,0
2015-04-10,12483,Fri,Weekday,Accupedo,13.6,0
2015-04-11,12054,Sat,Weekend,Accupedo,10.3,3
2015-04-12,23060,Sun,Weekend,Accupedo,10.5,0
2015-04-13,14439,Mon,Weekday,Accupedo,9.7,0
2015-04-14,8766,Tue,Weekday,Accupedo,13.9,0
2015-04-15,16847,Wed,Weekday,Accupedo,16.5,0
2015-04-16,13733,Thu,Weekday,Accupedo,11.6,0
2015-04-17,20453,Fri,Weekday,Accupedo,9.4,0
2015-04-18,15768,Sat,Weekend,Accupedo,7.9,0
2015-04-19,19513,Sun,Weekend,Accupedo,7.8,0
2015-04-20,28813,Mon,Weekday,Accupedo,11.2,0
2015-04-21,21874,Tue,Weekday,Accupedo,11.4,0
2015-04-22,16045,Wed,Weekday,Accupedo,8.4,0
2015-04-23,11341,Thu,Weekday,Accupedo,9,0
2015-04-24,19273,Fri,Weekday,Accupedo,14,0
2015-04-25,25073,Sat,Weekend,Accupedo,12.9,0
2015-04-26,6643,Sun,Weekend,Accupedo,12.3,4.8
2015-04-27,21646,Mon,Weekday,Accupedo,8.8,3
2015-04-28,22610,Tue,Weekday,Accupedo,7.5,0
2015-04-29,15404,Wed,Weekday,Accupedo,8.9,0
2015-04-30,14990,Thu,Weekday,Accupedo,9.1,0.5
2015-05-01,892,Fri,Weekday,Accupedo,8.2,1.8
2015-05-02,9093,Sat,Weekend,Accupedo,10.9,0
2015-05-03,2245,Sun,Weekend,Accupedo,13.7,0
2015-05-04,16790,Mon,Weekday,Accupedo,15.3,3.8
2015-05-05,23673,Tue,Weekday,Accupedo,15.9,11.2
2015-05-06,15450,Wed,Weekday,Accupedo,12.1,3.3
2015-05-07,15410,Thu,Weekday,Accupedo,11.4,3
2015-05-08,23398,Fri,Weekday,Accupedo,14.6,0
2015-05-09,19848,Sat,Weekend,Accupedo,14.6,0.3
2015-05-10,14953,Sun,Weekend,Accupedo,13.9,0
2015-05-11,22801,Mon,Weekday,Accupedo,18.2,0
2015-05-12,25569,Tue,Weekday,Accupedo,15.4,0
2015-05-13,13534,Wed,Weekday,Accupedo,12.9,0
2015-05-14,22062,Thu,Weekday,Accupedo,10.4,0
2015-05-15,13550,Fri,Weekday,Accupedo,10.9,4.1
2015-05-16,16752,Sat,Weekend,Accupedo,10.4,2
2015-05-17,12631,Sun,Weekend,Accupedo,12,0.5
2015-05-18,16591,Mon,Weekday,Accupedo,11.4,0
2015-05-19,22477,Tue,Weekday,Accupedo,9.7,1.3
2015-05-20,21849,Wed,Weekday,Accupedo,9.7,0.8
2015-05-21,24139,Thu,Weekday,Accupedo,12.3,0
2015-05-22,34562,Fri,Weekday,Accupedo,14.2,0
2015-05-23,47370,Sat,Weekend,Accupedo,13.7,0
2015-05-24,25001,Sun,Weekend,Accupedo,13.5,0
2015-05-25,25699,Mon,Weekday,Accupedo,13.2,0.8
2015-05-26,18154,Tue,Weekday,Accupedo,12.1,0.3
2015-05-27,17554,Wed,Weekday,Accupedo,14.3,0
2015-05-28,12554,Thu,Weekday,Accupedo,14.2,0
2015-05-29,12279,Fri,Weekday,Accupedo,11.1,0
2015-05-30,31017,Sat,Weekend,Accupedo,11.2,5.1
2015-05-31,10795,Sun,Weekend,Accupedo,13.3,1
2015-06-01,15267,Mon,Weekday,Accupedo,12.2,4.8
2015-06-02,17827,Tue,Weekday,Accupedo,15.1,0
2015-06-03,17918,Wed,Weekday,Accupedo,14.8,1.3
2015-06-04,16867,Thu,Weekday,Accupedo,16.9,1
2015-06-05,23178,Fri,Weekday,Accupedo,21.2,0
2015-06-06,11395,Sat,Weekend,Accupedo,15.7,8.1
2015-06-07,5482,Sun,Weekend,Accupedo,13.8,0
2015-06-08,25449,Mon,Weekday,Accupedo,12,0
2015-06-09,30557,Tue,Weekday,Accupedo,11.3,0
2015-06-10,18776,Wed,Weekday,Accupedo,14.6,0
2015-06-11,16307,Thu,Weekday,Accupedo,18.4,0
2015-06-12,33560,Fri,Weekday,Accupedo,21.6,0
2015-06-13,15652,Sat,Weekend,Accupedo,17.8,0
2015-06-14,15761,Sun,Weekend,Accupedo,16.4,0.8
2015-06-15,15551,Mon,Weekday,Accupedo,14.7,0
2015-06-16,14967,Tue,Weekday,Accupedo,12.9,0
2015-06-17,16104,Wed,Weekday,Accupedo,16.5,0
2015-06-18,33080,Thu,Weekday,Accupedo,14.8,3
2015-06-19,16296,Fri,Weekday,Accupedo,13.5,0
2015-06-20,3400,Sat,Weekend,Accupedo,13.7,0.3
2015-06-21,14759,Sun,Weekend,Accupedo,16.3,2
2015-06-22,2859,Mon,Weekday,Accupedo,11.9,0
2015-06-23,16519,Tue,Weekday,Accupedo,12.9,0
2015-06-24,23708,Wed,Weekday,Accupedo,15.6,0
2015-06-25,27233,Thu,Weekday,Accupedo,18.5,0
2015-06-26,13984,Fri,Weekday,Accupedo,21.1,0
2015-06-27,3253,Sat,Weekend,Accupedo,18.3,0
2015-06-28,12414,Sun,Weekend,Accupedo,18.7,0
2015-06-29,14173,Mon,Weekday,Accupedo,19.2,0
2015-06-30,11007,Tue,Weekday,Accupedo,21.3,0
2015-07-01,18984,Wed,Weekday,Accupedo,26.3,0
2015-07-02,11685,Thu,Weekday,Accupedo,25.6,0
2015-07-03,13921,Fri,Weekday,Accupedo,24.8,0
2015-07-04,7573,Sat,Weekend,Accupedo,27.2,0
2015-07-05,19294,Sun,Weekend,Accupedo,20.4,0
2015-07-06,10207,Mon,Weekday,Accupedo,19.6,0
2015-07-07,21322,Tue,Weekday,Accupedo,20.7,0
2015-07-08,12403,Wed,Weekday,Accupedo,15.9,0
2015-07-09,15387,Thu,Weekday,Accupedo,15,0.5
2015-07-10,14549,Fri,Weekday,Accupedo,17.3,0
2015-07-11,19555,Sat,Weekend,Accupedo,21.3,0
2015-07-12,10155,Sun,Weekend,Accupedo,16.4,0
2015-07-13,23905,Mon,Weekday,Accupedo,16.9,1
2015-07-14,9913,Tue,Weekday,Accupedo,18.3,0
2015-07-15,23858,Wed,Weekday,Accupedo,18.6,0
2015-07-16,11241,Thu,Weekday,Accupedo,21.4,0
2015-07-17,18554,Fri,Weekday,Accupedo,24,0
2015-07-18,11483,Sat,Weekend,Accupedo,19.3,0.3
2015-07-19,15392,Sun,Weekend,Accupedo,17.7,0.5
2015-07-20,10738,Mon,Weekday,Accupedo,19.6,0.5
2015-07-21,14027,Tue,Weekday,Accupedo,21.9,0
2015-07-22,10731,Wed,Weekday,Accupedo,20.3,0
2015-07-23,25644,Thu,Weekday,Accupedo,18.2,0
2015-07-24,8753,Fri,Weekday,Accupedo,19.8,0
2015-07-25,7710,Sat,Weekend,Accupedo,14.9,4.1
2015-07-26,1318,Sun,Weekend,Accupedo,14.3,3
2015-07-27,14529,Mon,Weekday,Accupedo,16.4,0.3
2015-07-28,13867,Tue,Weekday,Accupedo,15,1
2015-07-29,11091,Wed,Weekday,Accupedo,15.1,0
2015-07-30,10293,Thu,Weekday,Accupedo,13.2,3
2015-07-31,15683,Fri,Weekday,Accupedo,14.1,0
2015-08-01,17427,Sat,Weekend,Accupedo,16.5,0
2015-08-02,178,Sun,Weekend,Accupedo,19.5,0
2015-08-03,16956,Mon,Weekday,Accupedo,24.7,0
2015-08-04,12283,Tue,Weekday,Accupedo,18,0
2015-08-05,6880,Wed,Weekday,Accupedo,20.6,2.5
2015-08-06,379,Thu,Weekday,Accupedo,22.6,0
2015-08-07,13402,Fri,Weekday,Accupedo,20.7,0.3
2015-08-08,36330,Sat,Weekend,Accupedo,20.1,0
2015-08-09,10912,Sun,Weekend,Accupedo,18.2,0
2015-08-10,5361,Mon,Weekday,Accupedo,20.2,0
2015-08-11,10889,Tue,Weekday,Accupedo,19.8,0
2015-08-12,12829,Wed,Weekday,Accupedo,22,0
2015-08-13,10657,Thu,Weekday,Accupedo,22.4,0
2015-08-14,15432,Fri,Weekday,Accupedo,21.2,12.2
2015-08-15,11340,Sat,Weekend,Accupedo,16.8,15.7
2015-08-16,307,Sun,Weekend,Accupedo,16.6,0
2015-08-17,9542,Mon,Weekday,Accupedo,14.2,1
2015-08-18,12260,Tue,Weekday,Accupedo,14.4,2.5
2015-08-19,13467,Wed,Weekday,Accupedo,17.7,2.5
2015-08-20,13652,Thu,Weekday,Accupedo,18.9,0
2015-08-21,16947,Fri,Weekday,Accupedo,20.9,0
2015-08-22,14864,Sat,Weekend,Accupedo,22.3,0
2015-08-23,10828,Sun,Weekend,Accupedo,19.3,0
2015-08-24,11623,Mon,Weekday,Accupedo,16.7,0
2015-08-25,19222,Tue,Weekday,Accupedo,16.6,0.3
2015-08-26,10170,Wed,Weekday,Accupedo,21.1,1.8
2015-08-27,17451,Thu,Weekday,Accupedo,15.4,1.3
2015-08-28,13467,Fri,Weekday,Accupedo,15.7,11.9
2015-08-29,12499,Sat,Weekend,Accupedo,18.1,0
2015-08-30,6365,Sun,Weekend,Accupedo,23.2,0
2015-08-31,19417,Mon,Weekday,Accupedo,21.6,2
2015-09-01,16956,Tue,Weekday,Accupedo,15.6,3.3
2015-09-02,7225,Wed,Weekday,Accupedo,14,0
2015-09-03,15378,Thu,Weekday,Accupedo,13,0
2015-09-04,16157,Fri,Weekday,Accupedo,13.1,0
2015-09-05,22027,Sat,Weekend,Accupedo,12.6,0
2015-09-06,12273,Sun,Weekend,Accupedo,12.4,0
2015-09-07,24139,Mon,Weekday,Accupedo,14.3,0
2015-09-08,24349,Tue,Weekday,Accupedo,14.6,0
2015-09-09,20976,Wed,Weekday,Accupedo,14.6,0
2015-09-10,30793,Thu,Weekday,Accupedo,13.9,0
2015-09-11,28284,Fri,Weekday,Accupedo,14.3,0
2015-09-12,27452,Sat,Weekend,Accupedo,16.2,2
2015-09-13,5732,Sun,Weekend,Accupedo,14.9,3
2015-09-14,19240,Mon,Weekday,Accupedo,13.8,6.1
2015-09-15,23395,Tue,Weekday,Accupedo,13.2,0
2015-09-16,21397,Wed,Weekday,Accupedo,15.4,1
2015-09-17,28030,Thu,Weekday,Accupedo,14.3,7.9
2015-09-18,29515,Fri,Weekday,Accupedo,13.7,0
2015-09-19,19616,Sat,Weekend,Accupedo,13.4,0.3
2015-09-20,20097,Sun,Weekend,Accupedo,13.4,0
2015-09-21,23650,Mon,Weekday,Accupedo,13.1,0
2015-09-22,26103,Tue,Weekday,Accupedo,12.4,2
2015-09-23,23233,Wed,Weekday,Accupedo,12.2,7.9
2015-09-24,20718,Thu,Weekday,Accupedo,13.2,1
2015-09-25,30007,Fri,Weekday,Accupedo,12.6,0
2015-09-26,14358,Sat,Weekend,Accupedo,10.4,0
2015-09-27,45260,Sun,Weekend,Accupedo,10.6,0
2015-09-28,17992,Mon,Weekday,Accupedo,10.4,0
2015-09-29,19244,Tue,Weekday,Accupedo,10.7,0
2015-09-30,27341,Wed,Weekday,Accupedo,10.9,0
2015-10-01,19643,Thu,Weekday,Accupedo,10,0
2015-10-02,9202,Fri,Weekday,Accupedo,9.8,0
2015-10-03,14383,Sat,Weekend,Accupedo,11.9,0
2015-10-04,7851,Sun,Weekend,Accupedo,12.2,0
2015-10-05,15850,Mon,Weekday,Accupedo,13.6,0
2015-10-06,27838,Tue,Weekday,Accupedo,15.7,11.7
2015-10-07,22211,Wed,Weekday,Accupedo,13.7,0.5
2015-10-08,25128,Thu,Weekday,Accupedo,11.8,0.5
2015-10-09,29136,Fri,Weekday,Accupedo,10.1,0
2015-10-10,24729,Sat,Weekend,Accupedo,9.6,0
2015-10-11,10248,Sun,Weekend,Accupedo,6.5,0
2015-10-12,15516,Mon,Weekday,Accupedo,5.1,0
2015-10-13,17391,Tue,Weekday,Accupedo,3.7,0
2015-10-14,21489,Wed,Weekday,Accupedo,4.1,4.1
2015-10-15,21596,Thu,Weekday,Accupedo,4.3,2
2015-10-16,19922,Fri,Weekday,Accupedo,6.7,4.8
2015-10-17,6288,Sat,Weekend,Accupedo,7.6,3.3
2015-10-18,23374,Sun,Weekend,Accupedo,8.4,0
2015-10-19,14348,Mon,Weekday,Accupedo,10.3,0
2015-10-20,21769,Tue,Weekday,Accupedo,8.9,0
2015-10-21,16738,Wed,Weekday,Accupedo,9.3,0
2015-10-22,18726,Thu,Weekday,Accupedo,11.8,0
2015-10-23,21185,Fri,Weekday,Accupedo,10.9,0
2015-10-24,11465,Sat,Weekend,Accupedo,11.2,0
2015-10-25,5614,Sun,Weekend,Accupedo,10.6,0.3
2015-10-26,26903,Mon,Weekday,Accupedo,9.9,0
2015-10-27,10152,Tue,Weekday,Accupedo,12,0
2015-10-28,20633,Wed,Weekday,Accupedo,12.7,0
2015-10-29,24718,Thu,Weekday,Accupedo,10.8,0
2015-10-30,21133,Fri,Weekday,Accupedo,10.4,0
2015-10-31,15907,Sat,Weekend,Accupedo,9.8,0
2015-11-01,13139,Sun,Weekend,Accupedo,10.1,0
2015-11-02,65333,Mon,Weekday,Accupedo,7.6,0
2015-11-03,27774,Tue,Weekday,Accupedo,11.2,0
2015-11-04,4420,Wed,Weekday,Accupedo,13.2,0.5
2015-11-05,12298,Thu,Weekday,Accupedo,13.9,0.8
2015-11-06,19853,Fri,Weekday,Accupedo,15.5,2.5
2015-11-07,13343,Sat,Weekend,Accupedo,17.3,1.5
2015-11-08,5947,Sun,Weekend,Accupedo,14.1,0.5
2015-11-09,23234,Mon,Weekday,Accupedo,14.4,0.5
2015-11-10,29266,Tue,Weekday,Accupedo,13.4,0.5
2015-11-11,3433,Wed,Weekday,Accupedo,12,0.3
2015-11-12,29079,Thu,Weekday,Accupedo,12.9,0
2015-11-13,33334,Fri,Weekday,Accupedo,11.7,0.3
2015-11-14,3780,Sat,Weekend,Accupedo,8.8,1.8
2015-11-15,10452,Sun,Weekend,Accupedo,13.6,2.8
2015-11-16,16903,Mon,Weekday,Accupedo,12.2,0
2015-11-17,22147,Tue,Weekday,Accupedo,14.1,2.5
2015-11-18,20760,Wed,Weekday,Accupedo,13.1,7.1
2015-11-19,21982,Thu,Weekday,Accupedo,11.3,3.8
2015-11-20,21127,Fri,Weekday,Accupedo,8.1,18.3
2015-11-21,20060,Sat,Weekend,Accupedo,3.8,0
2015-11-22,6239,Sun,Weekend,Accupedo,2.5,4.1
2015-11-23,19084,Mon,Weekday,Accupedo,1.9,1.5
2015-11-24,17620,Tue,Weekday,Accupedo,3.3,0
2015-11-25,14510,Wed,Weekday,Accupedo,5.8,4.8
2015-11-26,23827,Thu,Weekday,Accupedo,4.7,3.8
2015-11-27,20093,Fri,Weekday,Accupedo,3.7,0
2015-11-28,24237,Sat,Weekend,Accupedo,6.1,2
2015-11-29,15162,Sun,Weekend,Accupedo,9.7,4.1
2015-11-30,17748,Mon,Weekday,Accupedo,10,9.9
2015-12-01,29786,Tue,Weekday,Accupedo,11.4,20.1
2015-12-02,1390,Wed,Weekday,Accupedo,10.6,0
2015-12-03,24396,Thu,Weekday,Accupedo,9.1,0
2015-12-04,4488,Fri,Weekday,Accupedo,8.7,0
2015-12-05,10245,Sat,Weekend,Accupedo,7.4,3.8
2015-12-06,6414,Sun,Weekend,Accupedo,9.6,0
2015-12-07,21366,Mon,Weekday,Accupedo,10.4,0
2015-12-08,23269,Tue,Weekday,Accupedo,10,0
2015-12-09,25503,Wed,Weekday,Accupedo,7.1,2
2015-12-10,25480,Thu,Weekday,Accupedo,4.4,0
2015-12-11,17788,Fri,Weekday,Accupedo,6.6,0
2015-12-12,16149,Sat,Weekend,Accupedo,8.3,13.5
2015-12-13,7879,Sun,Weekend,Accupedo,8.2,0
2015-12-14,10508,Mon,Weekday,Accupedo,6.9,3.3
2015-12-15,8917,Tue,Weekday,Accupedo,8.3,0
2015-12-16,13536,Wed,Weekday,Accupedo,11.9,4.1
2015-12-17,9934,Thu,Weekday,Accupedo,13.9,0
2015-12-18,7877,Fri,Weekday,Accupedo,11.6,0
2015-12-19,4425,Sat,Weekend,Accupedo,12.4,0
2015-12-20,14875,Sun,Weekend,Accupedo,11.8,0
2015-12-21,10504,Mon,Weekday,Accupedo,10.6,1.3
2015-12-22,7594,Tue,Weekday,Accupedo,12.1,8.6
2015-12-23,23411,Wed,Weekday,Accupedo,10.2,3.3
2015-12-24,10038,Thu,Weekday,Accupedo,10.2,0.5
2015-12-25,1556,Fri,Weekday,Accupedo,9.9,1.8
2015-12-26,2657,Sat,Weekend,Accupedo,12.1,1.5
2015-12-27,3620,Sun,Weekend,Accupedo,10.7,0
2015-12-28,13179,Mon,Weekday,Accupedo,8.3,0
2015-12-29,5141,Tue,Weekday,Accupedo,8.6,0
2015-12-30,27443,Wed,Weekday,Accupedo,7.4,0
2015-12-31,26315,Thu,Weekday,Accupedo,8,0
2016-01-01,14699,Fri,Weekday,Accupedo,5.6,1.8
2016-01-02,14341,Sat,Weekend,Accupedo,7.9,1
2016-01-03,7195,Sun,Weekend,Accupedo,6.6,7.4
2016-01-04,20352,Mon,Weekday,Accupedo,6.7,11.7
2016-01-05,31129,Tue,Weekday,Accupedo,6.7,0
2016-01-06,26495,Wed,Weekday,Accupedo,6.4,0.5
2016-01-07,21109,Thu,Weekday,Accupedo,6.4,7.1
2016-01-08,26014,Fri,Weekday,Accupedo,4.6,0
2016-01-09,7948,Sat,Weekend,Accupedo,6.2,1.5
2016-01-10,6352,Sun,Weekend,Accupedo,6.7,1
2016-01-11,20982,Mon,Weekday,Accupedo,5.7,1.8
2016-01-12,29981,Tue,Weekday,Accupedo,5.7,0
2016-01-13,24191,Wed,Weekday,Accupedo,4.9,2.8
2016-01-14,35048,Thu,Weekday,Accupedo,3.2,0
2016-01-15,13419,Fri,Weekday,Accupedo,1.8,39.9
2016-01-16,19410,Sat,Weekend,Accupedo,2.5,0.5
2016-01-17,4980,Sun,Weekend,Accupedo,-0.2,0
2016-01-18,23500,Mon,Weekday,Accupedo,-3.9,0.5
2016-01-19,30320,Tue,Weekday,Accupedo,-2.9,0
2016-01-20,22211,Wed,Weekday,Accupedo,0.1,0.3
2016-01-21,11522,Thu,Weekday,Accupedo,0.3,0
2016-01-22,10206,Fri,Weekday,Accupedo,1.8,0
2016-01-23,5100,Sat,Weekend,Accupedo,6.1,0
2016-01-24,8010,Sun,Weekend,Accupedo,7.4,0
2016-01-25,5934,Mon,Weekday,Accupedo,10.3,0
2016-01-26,11687,Tue,Weekday,Accupedo,9.9,0
2016-01-27,11633,Wed,Weekday,Accupedo,10.2,3.8
2016-01-28,13786,Thu,Weekday,Accupedo,6.2,8.4
2016-01-29,14912,Fri,Weekday,Accupedo,7.6,0
2016-01-30,11247,Sat,Weekend,Accupedo,6.6,0.5
2016-01-31,10607,Sun,Weekend,Accupedo,7.2,0
2016-02-01,21880,Mon,Weekday,Accupedo,10.9,0.8
2016-02-02,24849,Tue,Weekday,Accupedo,8.3,10.9
2016-02-03,23416,Wed,Weekday,Accupedo,4.7,1
2016-02-04,25571,Thu,Weekday,Accupedo,5.8,5.1
2016-02-05,28598,Fri,Weekday,Accupedo,8.9,0.3
2016-02-06,10578,Sat,Weekend,Accupedo,9.8,0
2016-02-07,6744,Sun,Weekend,Accupedo,8.5,3.3
2016-02-08,23862,Mon,Weekday,Accupedo,7.9,13
2016-02-09,25329,Tue,Weekday,Accupedo,4.8,18
2016-02-10,22218,Wed,Weekday,Accupedo,4.2,4.6
2016-02-11,25518,Thu,Weekday,Accupedo,3.8,0.8
2016-02-12,26342,Fri,Weekday,Accupedo,2.9,0.5
2016-02-13,14331,Sat,Weekend,Accupedo,1.1,0
2016-02-14,7049,Sun,Weekend,Accupedo,2,2.3
2016-02-15,17821,Mon,Weekday,Accupedo,2.1,5.6
2016-02-16,22659,Tue,Weekday,Accupedo,0.2,1
2016-02-17,24432,Wed,Weekday,Accupedo,0.1,0
2016-02-18,21024,Thu,Weekday,Accupedo,1.5,0
2016-02-19,21772,Fri,Weekday,Accupedo,3.6,2
2016-02-20,28283,Sat,Weekend,Accupedo,8.3,7.9
2016-02-21,9193,Sun,Weekend,Accupedo,10.9,0.3
2016-02-22,21710,Mon,Weekday,Accupedo,7.3,1
2016-02-23,22831,Tue,Weekday,Accupedo,4.3,0.3
2016-02-24,24719,Wed,Weekday,Accupedo,2.6,0
2016-02-25,17920,Thu,Weekday,Accupedo,1.6,0
2016-02-26,27334,Fri,Weekday,Accupedo,2.6,0
2016-02-27,13023,Sat,Weekend,Accupedo,2.6,0
2016-02-28,8428,Sun,Weekend,Accupedo,2,0
2016-02-29,22341,Mon,Weekday,Accupedo,1.9,0
2016-03-01,27990,Tue,Weekday,Accupedo,2.4,0
2016-03-02,19730,Wed,Weekday,Accupedo,5.6,3.6
2016-03-03,3241,Thu,Weekday,Accupedo,3.3,1
2016-03-04,12077,Fri,Weekday,Accupedo,3.2,7.9
2016-03-05,3417,Sat,Weekend,Accupedo,1.2,0
2016-03-06,6346,Sun,Weekend,Accupedo,3.2,1
2016-03-07,13285,Mon,Weekday,Accupedo,1.8,1.3
2016-03-08,13606,Tue,Weekday,Accupedo,2.7,0
2016-03-09,14331,Wed,Weekday,Accupedo,5.1,0
2016-03-10,9056,Thu,Weekday,Accupedo,3.9,0
2016-03-11,6015,Fri,Weekday,Accupedo,4.2,0
2016-03-12,19735,Sat,Weekend,Accupedo,3.1,0
2016-03-13,13729,Sun,Weekend,Accupedo,3.2,0
2016-03-14,11994,Mon,Weekday,Accupedo,2.8,0
2016-03-15,19117,Tue,Weekday,Accupedo,4,0
2016-03-16,18899,Wed,Weekday,Accupedo,3.8,0
2016-03-17,22424,Thu,Weekday,Accupedo,4.2,0
2016-03-18,16671,Fri,Weekday,Accupedo,3.6,0
2016-03-19,21679,Sat,Weekend,Accupedo,5.3,0
2016-03-20,27215,Sun,Weekend,Accupedo,6.1,0
2016-03-21,17930,Mon,Weekday,Accupedo,7.1,0
2016-03-22,20417,Tue,Weekday,Accupedo,7.2,0.3
2016-03-23,12920,Wed,Weekday,Accupedo,6.7,0
2016-03-24,24355,Thu,Weekday,Accupedo,7.4,0.5
2016-03-25,14510,Fri,Weekday,Accupedo,6.8,0
2016-03-26,29956,Sat,Weekend,Accupedo,8.9,6.3
2016-03-27,492,Sun,Weekend,Accupedo,8.9,0
2016-03-28,8983,Mon,Weekday,Accupedo,9.1,9.4
2016-03-29,23437,Tue,Weekday,Accupedo,8.4,6.6
2016-03-30,24683,Wed,Weekday,Accupedo,9.2,1
2016-03-31,24130,Thu,Weekday,Accupedo,7.2,3.3
2016-04-01,25055,Fri,Weekday,Accupedo,7.3,1.5
2016-04-02,23556,Sat,Weekend,Accupedo,10.1,0
2016-04-03,27433,Sun,Weekend,Accupedo,15.7,0
2016-04-04,15296,Mon,Weekday,Accupedo,12.7,0
2016-04-05,21077,Tue,Weekday,Accupedo,10.9,1
2016-04-06,22399,Wed,Weekday,Accupedo,9,0.5
2016-04-07,10671,Thu,Weekday,Accupedo,7.2,1
2016-04-08,11639,Fri,Weekday,Accupedo,7.9,3.3
2016-04-09,18418,Sat,Weekend,Accupedo,9.9,0
2016-04-10,8454,Sun,Weekend,Accupedo,10.3,0.5
2016-04-11,3877,Mon,Weekday,Accupedo,13.6,0.3
2016-04-12,13656,Tue,Weekday,Accupedo,10.8,0
2016-04-13,13508,Wed,Weekday,Accupedo,9.2,0.5
2016-04-14,14998,Thu,Weekday,Accupedo,10,0
2016-04-15,13360,Fri,Weekday,Accupedo,11.5,4.8
2016-04-16,8297,Sat,Weekend,Accupedo,8.8,8.6
2016-04-17,10069,Sun,Weekend,Accupedo,6.4,4.6
2016-04-18,18980,Mon,Weekday,Accupedo,7.5,0.3
2016-04-19,12423,Tue,Weekday,Accupedo,9.6,0
2016-04-20,6273,Wed,Weekday,Accupedo,8.7,0
2016-04-21,20282,Thu,Weekday,Accupedo,11.6,0
2016-04-22,20678,Fri,Weekday,Accupedo,10.5,0
2016-04-23,30779,Sat,Weekend,Accupedo,6.7,1
2016-04-24,22369,Sun,Weekend,Accupedo,4.6,0.8
2016-04-25,21665,Mon,Weekday,Accupedo,4.7,1.8
2016-04-26,23548,Tue,Weekday,Accupedo,4,6.6
2016-04-27,17591,Wed,Weekday,Accupedo,4.8,3.6
2016-04-28,33350,Thu,Weekday,Accupedo,4.9,8.4
2016-04-29,20753,Fri,Weekday,Accupedo,7,0.5
2016-04-30,21694,Sat,Weekend,Accupedo,7.7,2.8
2016-05-01,20769,Sun,Weekend,Accupedo,8.3,0
2016-05-02,23678,Mon,Weekday,Accupedo,11.2,0
2016-05-03,25323,Tue,Weekday,Accupedo,10.5,0
2016-05-04,21221,Wed,Weekday,Accupedo,10.1,2.5
2016-05-05,16030,Thu,Weekday,Accupedo,13.2,0
2016-05-06,20708,Fri,Weekday,Accupedo,16.6,0
2016-05-07,26116,Sat,Weekend,Accupedo,19.2,0
2016-05-08,20249,Sun,Weekend,Accupedo,19.8,0
2016-05-09,23489,Mon,Weekday,Accupedo,19.6,0
2016-05-10,17563,Tue,Weekday,Accupedo,16.6,0
2016-05-11,4475,Wed,Weekday,Accupedo,18.6,5.1
2016-05-12,12333,Thu,Weekday,Accupedo,17.6,0
2016-05-13,12891,Fri,Weekday,Accupedo,17.1,0
2016-05-14,4881,Sat,Weekend,Accupedo,9.2,0
2016-05-15,11023,Sun,Weekend,Accupedo,8.9,0.5
2016-05-16,22917,Mon,Weekday,Accupedo,10.2,0
2016-05-17,28313,Tue,Weekday,Accupedo,13,0
2016-05-18,27372,Wed,Weekday,Accupedo,13.5,0
2016-05-19,23514,Thu,Weekday,Accupedo,13,0
2016-05-20,30342,Fri,Weekday,Accupedo,14.1,0
2016-05-21,20551,Sat,Weekend,Accupedo,18,0.3
2016-05-22,22463,Sun,Weekend,Accupedo,15.9,0.3
2016-05-23,17920,Mon,Weekday,Accupedo,11.7,4.3
2016-05-24,28046,Tue,Weekday,Accupedo,11.1,14
2016-05-25,24663,Wed,Weekday,Accupedo,11.6,0
2016-05-26,26896,Thu,Weekday,Accupedo,15.4,0
2016-05-27,21707,Fri,Weekday,Accupedo,17.1,0
2016-05-28,27601,Sat,Weekend,Accupedo,17.1,3.3
2016-05-29,19585,Sun,Weekend,Accupedo,16.1,0
2016-05-30,23597,Mon,Weekday,Accupedo,14.2,2.3
2016-05-31,23597,Tue,Weekday,Accupedo,15.9,37.6
2016-06-01,19700,Wed,Weekday,Accupedo,14.8,0.5
2016-06-02,23238,Thu,Weekday,Accupedo,14.1,5.1
2016-06-03,26279,Fri,Weekday,Accupedo,14.5,2
2016-06-04,29882,Sat,Weekend,Accupedo,14.5,3.3
2016-06-05,12512,Sun,Weekend,Accupedo,18.1,2.5
2016-06-06,30870,Mon,Weekday,Accupedo,19.6,1.3
2016-06-07,26175,Tue,Weekday,Accupedo,20.2,0
2016-06-08,24228,Wed,Weekday,Accupedo,17.7,11.2
2016-06-09,31697,Thu,Weekday,Accupedo,15.9,0
2016-06-10,32174,Fri,Weekday,Accupedo,16.6,0
2016-06-11,12611,Sat,Weekend,Accupedo,17.2,0
2016-06-12,12703,Sun,Weekend,Accupedo,17.1,1
2016-06-13,21549,Mon,Weekday,Accupedo,15.6,7.6
2016-06-14,27682,Tue,Weekday,Accupedo,15.2,12.2
2016-06-15,22541,Wed,Weekday,Accupedo,13.9,0.5
2016-06-16,21295,Thu,Weekday,Accupedo,13.7,5.3
2016-06-17,23470,Fri,Weekday,Accupedo,14.5,2.3
2016-06-18,12830,Sat,Weekend,Accupedo,14.5,9.1
2016-06-19,17300,Sun,Weekend,Accupedo,14.4,4.8
2016-06-20,19876,Mon,Weekday,Accupedo,15.3,0
2016-06-21,22129,Tue,Weekday,Accupedo,17.2,7.6
2016-06-22,21905,Wed,Weekday,Accupedo,20.1,4.3
2016-06-23,27153,Thu,Weekday,Accupedo,23.1,0
2016-06-24,25478,Fri,Weekday,Accupedo,19.6,11.2
2016-06-25,10049,Sat,Weekend,Accupedo,14.9,0
2016-06-26,10433,Sun,Weekend,Accupedo,14.3,2.8
2016-06-27,21907,Mon,Weekday,Accupedo,15.3,3.3
2016-06-28,23549,Tue,Weekday,Accupedo,16.9,1.3
2016-06-29,22629,Wed,Weekday,Accupedo,16,3.8
2016-06-30,26530,Thu,Weekday,Accupedo,16.5,0.5
2016-07-01,24687,Fri,Weekday,Accupedo,17.2,1
2016-07-02,11928,Sat,Weekend,Accupedo,15,5.1
2016-07-03,22289,Sun,Weekend,Accupedo,14.8,1.5
2016-07-04,25552,Mon,Weekday,Accupedo,16.7,2
2016-07-05,15640,Tue,Weekday,Accupedo,16.4,0
2016-07-06,29434,Wed,Weekday,Accupedo,15.9,0.3
2016-07-07,14271,Thu,Weekday,Accupedo,17.4,0
2016-07-08,24255,Fri,Weekday,Accupedo,19.2,0
2016-07-09,16753,Sat,Weekend,Accupedo,19.9,0
2016-07-10,4046,Sun,Weekend,Accupedo,22.1,0
2016-07-11,16722,Mon,Weekday,Accupedo,18.4,0
2016-07-12,15745,Tue,Weekday,Accupedo,16.2,0
2016-07-13,28991,Wed,Weekday,Accupedo,13.8,6.1
2016-07-14,11477,Thu,Weekday,Accupedo,14.7,2.5
2016-07-15,34067,Fri,Weekday,Accupedo,16.2,1.8
2016-07-16,32771,Sat,Weekend,Accupedo,18.8,0
2016-07-17,31429,Sun,Weekend,Accupedo,20.4,0
2016-07-18,13465,Mon,Weekday,Accupedo,21.8,0
2016-07-19,41968,Tue,Weekday,Accupedo,24.2,0
2016-07-20,14687,Wed,Weekday,Accupedo,25.5,0
2016-07-21,17104,Thu,Weekday,Accupedo,21.4,0
2016-07-22,22222,Fri,Weekday,Accupedo,20.9,0
2016-07-23,22266,Sat,Weekend,Accupedo,19.9,11.7
2016-07-24,30131,Sun,Weekend,Accupedo,20.2,14.5
2016-07-25,21103,Mon,Weekday,Accupedo,19.7,0
2016-07-26,23710,Tue,Weekday,Accupedo,18.8,0
2016-07-27,23843,Wed,Weekday,Accupedo,18.3,0
2016-07-28,23737,Thu,Weekday,Accupedo,19.3,0
2016-07-29,14636,Fri,Weekday,Accupedo,19.1,2.8
2016-07-30,19916,Sat,Weekend,Accupedo,17.7,0.3
2016-07-31,21516,Sun,Weekend,Accupedo,17.2,0
2016-08-01,24752,Mon,Weekday,Accupedo,16.4,1
2016-08-02,15020,Tue,Weekday,Accupedo,16.4,1.5
2016-08-03,15482,Wed,Weekday,Accupedo,18,12.4
2016-08-04,22589,Thu,Weekday,Accupedo,17,13.5
2016-08-05,24796,Fri,Weekday,Accupedo,16.6,0
2016-08-06,21997,Sat,Weekend,Accupedo,16.5,1.3
2016-08-07,6931,Sun,Weekend,Accupedo,19.2,0
2016-08-08,32275,Mon,Weekday,Accupedo,17.2,0
2016-08-09,23548,Tue,Weekday,Accupedo,14.8,0
2016-08-10,29644,Wed,Weekday,Accupedo,12.5,0
2016-08-11,26718,Thu,Weekday,Accupedo,13,0.8
2016-08-12,20303,Fri,Weekday,Accupedo,18.4,4.1
2016-08-13,28464,Sat,Weekend,Accupedo,18,0
2016-08-14,29597,Sun,Weekend,Accupedo,17.3,0
2016-08-15,9342,Mon,Weekday,Accupedo,16.9,0
2016-08-16,22736,Tue,Weekday,Accupedo,16.6,0
2016-08-17,21684,Wed,Weekday,Accupedo,18.1,0
2016-08-18,23714,Thu,Weekday,Accupedo,18.2,0
2016-08-19,24730,Fri,Weekday,Accupedo,18.3,0
2016-08-20,10189,Sat,Weekend,Accupedo,18.4,0.3
2016-08-21,13915,Sun,Weekend,Accupedo,15.7,5.1
2016-08-22,19740,Mon,Weekday,Accupedo,18.4,19.8
2016-08-23,23089,Tue,Weekday,Accupedo,21.4,0.8
2016-08-24,26255,Wed,Weekday,Accupedo,24.6,0
2016-08-25,20593,Thu,Weekday,Accupedo,25.6,0
2016-08-26,24015,Fri,Weekday,Accupedo,23.1,0
2016-08-27,24561,Sat,Weekend,Accupedo,23.1,0
2016-08-28,22525,Sun,Weekend,Accupedo,21.4,0
2016-08-29,26648,Mon,Weekday,Accupedo,18.2,0
2016-08-30,27468,Tue,Weekday,Accupedo,17.4,2
2016-08-31,22195,Wed,Weekday,Accupedo,18.7,0
2016-09-01,25549,Thu,Weekday,Accupedo,17.6,0
2016-09-02,23243,Fri,Weekday,Accupedo,17,0
2016-09-03,17150,Sat,Weekend,Accupedo,18.2,0.3
2016-09-04,23730,Sun,Weekend,Accupedo,18.1,0
2016-09-05,20902,Mon,Weekday,Accupedo,18.1,2
2016-09-06,26471,Tue,Weekday,Accupedo,19.4,0
2016-09-07,23516,Wed,Weekday,Accupedo,20.4,0
2016-09-08,33032,Thu,Weekday,Accupedo,20.2,0.3
2016-09-09,30593,Fri,Weekday,Accupedo,17.4,0
2016-09-10,38730,Sat,Weekend,Accupedo,19.8,0.3
2016-09-11,22706,Sun,Weekend,Accupedo,19.8,0
2016-09-12,23830,Mon,Weekday,Accupedo,23.4,0.3
2016-09-13,26937,Tue,Weekday,Accupedo,25,0
2016-09-14,23593,Wed,Weekday,Accupedo,23.9,0
2016-09-15,23311,Thu,Weekday,Accupedo,19.7,0.5
2016-09-16,20826,Fri,Weekday,Accupedo,17.3,2
2016-09-17,15859,Sat,Weekend,Accupedo,17.1,0
2016-09-18,18703,Sun,Weekend,Accupedo,17.4,0.3
2016-09-19,20861,Mon,Weekday,Accupedo,15.9,0
2016-09-20,22240,Tue,Weekday,Accupedo,14.8,0
2016-09-21,19062,Wed,Weekday,Accupedo,16.2,0
2016-09-22,22346,Thu,Weekday,Accupedo,16.1,0
2016-09-23,19887,Fri,Weekday,Accupedo,15.4,0
2016-09-24,18795,Sat,Weekend,Accupedo,17.3,0
2016-09-25,14528,Sun,Weekend,Accupedo,16.4,0
2016-09-26,18730,Mon,Weekday,Accupedo,13.1,1.5
2016-09-27,20200,Tue,Weekday,Accupedo,14.6,0
2016-09-28,20205,Wed,Weekday,Accupedo,18.8,0
2016-09-29,20069,Thu,Weekday,Accupedo,16.6,0
2016-09-30,21274,Fri,Weekday,Accupedo,14.8,1.3
2016-10-01,22120,Sat,Weekend,Accupedo,13.1,0.3
2016-10-02,13913,Sun,Weekend,Accupedo,11.7,6.1
2016-10-03,20985,Mon,Weekday,Accupedo,12.7,5.8
2016-10-04,22789,Tue,Weekday,Accupedo,11.3,2.8
2016-10-05,14074,Wed,Weekday,Accupedo,9.2,0
2016-10-06,17782,Thu,Weekday,Accupedo,8,0
2016-10-07,17530,Fri,Weekday,Accupedo,10.6,0
2016-10-08,14588,Sat,Weekend,Accupedo,10.3,0
2016-10-09,4868,Sun,Weekend,Accupedo,8.3,0.3
2016-10-10,3010,Mon,Weekday,Accupedo,9.1,0
2016-10-11,11665,Tue,Weekday,Accupedo,7.6,0
2016-10-12,13306,Wed,Weekday,Accupedo,8.1,0
2016-10-13,7815,Thu,Weekday,Accupedo,7.9,1.8
2016-10-14,12483,Fri,Weekday,Accupedo,9.7,0
2016-10-15,11208,Sat,Weekend,Accupedo,11.8,3.8
2016-10-16,5510,Sun,Weekend,Accupedo,14.6,8.1
2016-10-17,18107,Mon,Weekday,Accupedo,12.4,0
2016-10-18,24324,Tue,Weekday,Accupedo,10.6,0
2016-10-19,11436,Wed,Weekday,Accupedo,9.1,2.8
2016-10-20,14847,Thu,Weekday,Accupedo,9.6,5.1
2016-10-21,21022,Fri,Weekday,Accupedo,7.3,0.5
2016-10-22,5458,Sat,Weekend,Accupedo,7.9,0
2016-10-23,5636,Sun,Weekend,Accupedo,3.9,0
2016-10-24,21356,Mon,Weekday,Accupedo,8.2,0
2016-10-25,14677,Tue,Weekday,Accupedo,9.6,0
2016-10-26,11722,Wed,Weekday,Accupedo,8.1,0
2016-10-27,11955,Thu,Weekday,Accupedo,11.1,0
2016-10-28,17815,Fri,Weekday,Accupedo,12.6,0
2016-10-29,17903,Sat,Weekend,Accupedo,12.1,0
2016-10-30,17330,Sun,Weekend,Accupedo,9.6,0
2016-10-31,19746,Mon,Weekday,Accupedo,10.7,0
2016-11-01,17169,Tue,Weekday,Accupedo,10.3,0
2016-11-02,17914,Wed,Weekday,Accupedo,8.1,0
2016-11-03,20096,Thu,Weekday,Accupedo,7.2,1
2016-11-04,16724,Fri,Weekday,Accupedo,7.1,0.3
2016-11-05,11064,Sat,Weekend,Accupedo,7.6,0.5
2016-11-06,3535,Sun,Weekend,Accupedo,5.6,1
2016-11-07,15540,Mon,Weekday,Accupedo,4.6,0.3
2016-11-08,21815,Tue,Weekday,Accupedo,3.2,3.8
2016-11-09,13638,Wed,Weekday,Accupedo,4.2,0
2016-11-10,16540,Thu,Weekday,Accupedo,7.1,14.7
2016-11-11,12857,Fri,Weekday,Accupedo,3.3,5.1
2016-11-12,16719,Sat,Weekend,Accupedo,2.3,0
2016-11-13,8244,Sun,Weekend,Accupedo,4.8,1
2016-11-14,20551,Mon,Weekday,Accupedo,4.8,1.3
2016-11-15,18945,Tue,Weekday,Accupedo,9.6,1
2016-11-16,16687,Wed,Weekday,Accupedo,12.2,1.5
2016-11-17,17253,Thu,Weekday,Accupedo,10.5,13.5
2016-11-18,19896,Fri,Weekday,Accupedo,6.3,4.8
2016-11-19,26612,Sat,Weekend,Accupedo,5.9,25.9
2016-11-20,15300,Sun,Weekend,Accupedo,9.6,0
2016-11-21,20529,Mon,Weekday,Accupedo,12.3,6.3
2016-11-22,21019,Tue,Weekday,Accupedo,10.7,2.8
2016-11-23,18650,Wed,Weekday,Accupedo,9.1,0
2016-11-24,13027,Thu,Weekday,Accupedo,8.3,0
2016-11-25,18340,Fri,Weekday,Accupedo,4.3,0
2016-11-26,29239,Sat,Weekend,Accupedo,4.3,0
2016-11-27,13092,Sun,Weekend,Accupedo,4.8,0
2016-11-28,14691,Mon,Weekday,Accupedo,1,0.3
2016-11-29,21751,Tue,Weekday,Accupedo,-1.4,0
2016-11-30,13959,Wed,Weekday,Accupedo,0.3,0
2016-12-01,15731,Thu,Weekday,Accupedo,3.9,0
2016-12-02,13013,Fri,Weekday,Accupedo,6.7,0
2016-12-03,18128,Sat,Weekend,Accupedo,0.9,0.3
2016-12-04,14060,Sun,Weekend,Accupedo,-0.5,0
2016-12-05,23187,Mon,Weekday,Accupedo,0.4,0
2016-12-06,20573,Tue,Weekday,Accupedo,3.1,0
2016-12-07,17652,Wed,Weekday,Accupedo,7.2,0
2016-12-08,20871,Thu,Weekday,Accupedo,7.3,0
2016-12-09,25290,Fri,Weekday,Accupedo,8.8,0
2016-12-10,17175,Sat,Weekend,Accupedo,7.4,0.8
2016-12-11,12136,Sun,Weekend,Accupedo,7.9,1.3
2016-12-12,20471,Mon,Weekday,Accupedo,6.2,2
2016-12-13,21234,Tue,Weekday,Accupedo,6.5,0.5
2016-12-14,18560,Wed,Weekday,Accupedo,7.6,1.5
2016-12-15,19813,Thu,Weekday,Accupedo,5.6,0
2016-12-16,25021,Fri,Weekday,Accupedo,6.8,0
2016-12-17,14942,Sat,Weekend,Accupedo,5.1,0
2016-12-18,13204,Sun,Weekend,Accupedo,6.4,0
2016-12-19,17751,Mon,Weekday,Accupedo,5.5,0.3
2016-12-20,22158,Tue,Weekday,Accupedo,0.6,0
2016-12-21,18718,Wed,Weekday,Accupedo,4,0
2016-12-22,18516,Thu,Weekday,Accupedo,5.9,4.1
2016-12-23,17172,Fri,Weekday,Accupedo,5.5,6.1
2016-12-24,14619,Sat,Weekend,Accupedo,7.6,0.3
2016-12-25,19469,Sun,Weekend,Accupedo,9.2,1
2016-12-26,14865,Mon,Weekday,Accupedo,7.5,0.3
2016-12-27,12581,Tue,Weekday,Accupedo,3.9,3.8
2016-12-28,18846,Wed,Weekday,Accupedo,1.3,0
2016-12-29,19145,Thu,Weekday,Accupedo,-1.6,0
2016-12-30,23134,Fri,Weekday,Accupedo,-0.5,0
2016-12-31,16174,Sat,Weekend,Accupedo,-2.2,0
2017-01-01,10384,Sun,Weekend,Accupedo,-1.6,0
2017-01-02,21908,Mon,Weekday,Accupedo,1.1,1.5
2017-01-03,18402,Tue,Weekday,Accupedo,1.6,1
2017-01-04,16738,Wed,Weekday,Accupedo,3.9,0
2017-01-05,17816,Thu,Weekday,Accupedo,1.1,3.3
2017-01-06,15741,Fri,Weekday,Accupedo,-2.6,0
2017-01-07,20915,Sat,Weekend,Accupedo,-1.1,0
2017-01-08,9228,Sun,Weekend,Accupedo,2.9,2.3
2017-01-09,18360,Mon,Weekday,Accupedo,4.4,0
2017-01-10,22697,Tue,Weekday,Accupedo,4.9,4.1
2017-01-11,20824,Wed,Weekday,Accupedo,6.4,1
2017-01-12,21844,Thu,Weekday,Accupedo,4.9,1.8
2017-01-13,28353,Fri,Weekday,Accupedo,1.9,11.9
2017-01-14,7610,Sat,Weekend,Accupedo,1.3,11.7
2017-01-15,18422,Sun,Weekend,Accupedo,1,7.4
2017-01-16,19984,Mon,Weekday,Accupedo,0.6,0.3
2017-01-17,26981,Tue,Weekday,Accupedo,-2.4,0
2017-01-18,21099,Wed,Weekday,Accupedo,-3.2,0
2017-01-19,25777,Thu,Weekday,Accupedo,-1.9,0
2017-01-20,27399,Fri,Weekday,Accupedo,-0.9,0
2017-01-21,28083,Sat,Weekend,Accupedo,-1.2,0
2017-01-22,10523,Sun,Weekend,Accupedo,-1.4,0
2017-01-23,22306,Mon,Weekday,Accupedo,0.8,0
2017-01-24,22825,Tue,Weekday,Accupedo,0.8,0
2017-01-25,22481,Wed,Weekday,Accupedo,-1.4,1.8
2017-01-26,21098,Thu,Weekday,Accupedo,-2.2,0
2017-01-27,28533,Fri,Weekday,Accupedo,1.8,0
2017-01-28,17922,Sat,Weekend,Accupedo,7.2,0
2017-01-29,14900,Sun,Weekend,Accupedo,4.6,0
2017-01-30,31547,Mon,Weekday,Accupedo,5.9,5.6
2017-01-31,20088,Tue,Weekday,Accupedo,2.2,2.3
2017-02-01,20335,Wed,Weekday,Accupedo,5.6,0
2017-02-02,17318,Thu,Weekday,Accupedo,9.9,0
2017-02-03,20807,Fri,Weekday,Accupedo,9.1,0
2017-02-04,19395,Sat,Weekend,Accupedo,5.4,0.3
2017-02-05,4599,Sun,Weekend,Accupedo,5.2,3.8
2017-02-06,19672,Mon,Weekday,Accupedo,5.4,1.5
2017-02-07,22405,Tue,Weekday,Accupedo,5.1,0
2017-02-08,17645,Wed,Weekday,Accupedo,3.3,2.3
2017-02-09,22793,Thu,Weekday,Accupedo,0.7,1.5
2017-02-10,29330,Fri,Weekday,Accupedo,-1.4,0
2017-02-11,8156,Sat,Weekend,Accupedo,-0.4,0
2017-02-12,16562,Sun,Weekend,Accupedo,2.8,0.5
2017-02-13,20824,Mon,Weekday,Accupedo,3.7,0
2017-02-14,22275,Tue,Weekday,Accupedo,5.9,0
2017-02-15,14580,Wed,Weekday,Accupedo,9.7,0
2017-02-16,26393,Thu,Weekday,Accupedo,8,0
2017-02-17,20232,Fri,Weekday,Accupedo,7,0
2017-02-18,13800,Sat,Weekend,Accupedo,6.7,0.8
2017-02-19,15387,Sun,Weekend,Accupedo,5.9,0
2017-02-20,21303,Mon,Weekday,Accupedo,9.1,0
2017-02-21,26321,Tue,Weekday,Accupedo,10.2,0.5
2017-02-22,16206,Wed,Weekday,Accupedo,9.9,3.3
2017-02-23,22400,Thu,Weekday,Accupedo,8.9,7.6
2017-02-24,19249,Fri,Weekday,Accupedo,4.8,1.5
2017-02-25,10842,Sat,Weekend,Accupedo,5.3,2.3
2017-02-26,19189,Sun,Weekend,Accupedo,8.6,0
2017-02-27,24783,Mon,Weekday,Accupedo,9.3,0
2017-02-28,26345,Tue,Weekday,Accupedo,5.2,6.9
2017-03-01,11310,Wed,Weekday,Accupedo,6.8,3.6
2017-03-02,26237,Thu,Weekday,Accupedo,7.2,3.8
2017-03-03,10632,Fri,Weekday,Accupedo,7.9,0.5
2017-03-04,9704,Sat,Weekend,Accupedo,9.6,0
2017-03-05,5683,Sun,Weekend,Accupedo,6.5,1
2017-03-06,19964,Mon,Weekday,Accupedo,5.9,4.8
2017-03-07,20615,Tue,Weekday,Accupedo,6.3,2
2017-03-08,14591,Wed,Weekday,Accupedo,7.7,2.5
2017-03-09,20621,Thu,Weekday,Accupedo,10.3,10.2
2017-03-10,21611,Fri,Weekday,Accupedo,6.4,0.5
2017-03-11,31776,Sat,Weekend,Accupedo,7.8,0
2017-03-12,9954,Sun,Weekend,Accupedo,9.3,0
2017-03-13,19727,Mon,Weekday,Accupedo,7.8,0
2017-03-14,23315,Tue,Weekday,Accupedo,8.7,0
2017-03-15,18878,Wed,Weekday,Accupedo,11.2,0
2017-03-16,24402,Thu,Weekday,Accupedo,10.8,0
2017-03-17,26181,Fri,Weekday,Accupedo,9.1,0
2017-03-18,12273,Sat,Weekend,Accupedo,10.2,1
2017-03-19,15508,Sun,Weekend,Accupedo,10.9,9.1
2017-03-20,21069,Mon,Weekday,Accupedo,10.6,0
2017-03-21,14099,Tue,Weekday,Accupedo,8.1,0.5
2017-03-22,2623,Wed,Weekday,Accupedo,6.7,0
2017-03-23,9277,Thu,Weekday,Accupedo,8.6,0
2017-03-24,19790,Fri,Weekday,Accupedo,8.5,0
2017-03-25,22765,Sat,Weekend,Accupedo,8.9,0
2017-03-26,11802,Sun,Weekend,Accupedo,8.9,0
2017-03-27,26973,Mon,Weekday,Accupedo,11,0
2017-03-28,21595,Tue,Weekday,Accupedo,12.7,0
2017-03-29,11903,Wed,Weekday,Accupedo,12.4,0
2017-03-30,9194,Thu,Weekday,Accupedo,16,0
2017-03-31,26286,Fri,Weekday,Accupedo,15.4,0
2017-04-01,20063,Sat,Weekend,Accupedo,11,0
2017-04-02,11070,Sun,Weekend,Accupedo,10.7,2.8
2017-04-03,23198,Mon,Weekday,Accupedo,8.4,0
2017-04-04,31904,Tue,Weekday,Accupedo,10.1,0
2017-04-05,21068,Wed,Weekday,Accupedo,8.6,0
2017-04-06,24938,Thu,Weekday,Accupedo,7.3,0
2017-04-07,21059,Fri,Weekday,Accupedo,8.5,0
2017-04-08,23534,Sat,Weekend,Accupedo,10.6,0
2017-04-09,18292,Sun,Weekend,Accupedo,13.8,0
2017-04-10,17944,Mon,Weekday,Accupedo,10.1,0
2017-04-11,17616,Tue,Weekday,Accupedo,9.1,0
2017-04-12,21659,Wed,Weekday,Accupedo,9.9,0
2017-04-13,18202,Thu,Weekday,Accupedo,9,0
2017-04-14,10285,Fri,Weekday,Accupedo,8.2,0
2017-04-15,11311,Sat,Weekend,Accupedo,8.7,0
2017-04-16,12510,Sun,Weekend,Accupedo,8.3,2.3
2017-04-17,11225,Mon,Weekday,Accupedo,7.6,0.8
2017-04-18,19274,Tue,Weekday,Accupedo,5.1,5.8
2017-04-19,12706,Wed,Weekday,Accupedo,4,1.8
2017-04-20,16624,Thu,Weekday,Accupedo,5.1,0
2017-04-21,21483,Fri,Weekday,Accupedo,10.2,0
2017-04-22,29763,Sat,Weekend,Accupedo,8.8,0
2017-04-23,5510,Sun,Weekend,Accupedo,7,0.5
2017-04-24,16208,Mon,Weekday,Accupedo,9.6,0
2017-04-25,17075,Tue,Weekday,Accupedo,6.2,0.8
2017-04-26,1088,Wed,Weekday,Accupedo,5,1.3
2017-04-27,5738,Thu,Weekday,Accupedo,5.3,3.8
2017-04-28,1815,Fri,Weekday,Accupedo,7.2,0
2017-04-29,12349,Sat,Weekend,Accupedo,8.6,0
2017-04-30,14216,Sun,Weekend,Accupedo,12.9,0
2017-05-01,8234,Mon,Weekday,Accupedo,11,0
2017-05-02,9309,Tue,Weekday,Accupedo,8.9,0
2017-05-03,11232,Wed,Weekday,Accupedo,9.5,3.3
2017-05-04,16013,Thu,Weekday,Accupedo,10.7,9.9
2017-05-05,14770,Fri,Weekday,Accupedo,9.2,0.8
2017-05-06,14013,Sat,Weekend,Accupedo,12.7,0
2017-05-07,9893,Sun,Weekend,Accupedo,10.9,0
2017-05-08,16670,Mon,Weekday,Accupedo,9.2,0
2017-05-09,6744,Tue,Weekday,Accupedo,8.4,0.3
2017-05-10,8917,Wed,Weekday,Accupedo,10.9,0
2017-05-11,20085,Thu,Weekday,Accupedo,13.9,0
2017-05-12,24010,Fri,Weekday,Accupedo,15.8,14.5
2017-05-13,17443,Sat,Weekend,Accupedo,14.4,3.6
2017-05-14,12727,Sun,Weekend,Accupedo,14.3,0
2017-05-15,18588,Mon,Weekday,Accupedo,15.1,0
2017-05-16,21601,Tue,Weekday,Accupedo,20.7,0
2017-05-17,16591,Wed,Weekday,Accupedo,21.7,0
2017-05-18,16323,Thu,Weekday,Accupedo,16.8,0
2017-05-19,20992,Fri,Weekday,Accupedo,12.1,4.8
2017-05-20,8994,Sat,Weekend,Accupedo,11.5,4.1
2017-05-21,6124,Sun,Weekend,Accupedo,14.3,0
2017-05-22,20231,Mon,Weekday,Accupedo,17.7,0
2017-05-23,23060,Tue,Weekday,Accupedo,17.1,0
2017-05-24,24828,Wed,Weekday,Accupedo,16.8,0
2017-05-25,20265,Thu,Weekday,Accupedo,17.3,0
2017-05-26,13144,Fri,Weekday,Accupedo,20.2,0
2017-05-27,23490,Sat,Weekend,Accupedo,22.3,0
2017-05-28,14953,Sun,Weekend,Accupedo,20.9,0.5
2017-05-29,21714,Mon,Weekday,Accupedo,22.7,1.8
2017-05-30,21227,Tue,Weekday,Accupedo,18.3,0
2017-05-31,10403,Wed,Weekday,Accupedo,17.4,0
2017-06-01,12101,Thu,Weekday,Accupedo,18.7,0
2017-06-02,15821,Fri,Weekday,Accupedo,20.7,0
2017-06-03,22485,Sat,Weekend,Accupedo,18.7,0
2017-06-04,11467,Sun,Weekend,Accupedo,15.6,1.8
2017-06-05,9283,Mon,Weekday,Accupedo,16.5,0
2017-06-06,16543,Tue,Weekday,Accupedo,14.4,0
2017-06-07,20368,Wed,Weekday,Accupedo,14.4,4.6
2017-06-08,17335,Thu,Weekday,Accupedo,18.3,0.5
2017-06-09,18589,Fri,Weekday,Accupedo,16.9,0
2017-06-10,11568,Sat,Weekend,Accupedo,18.3,11.7
2017-06-11,8489,Sun,Weekend,Accupedo,21.7,0
2017-06-12,11276,Mon,Weekday,Accupedo,15.9,0
2017-06-13,10618,Tue,Weekday,Accupedo,16.6,0
2017-06-14,11129,Wed,Weekday,Accupedo,18.8,0
2017-06-15,9961,Thu,Weekday,Accupedo,21.5,0
2017-06-16,18452,Fri,Weekday,Accupedo,16.4,0
2017-06-17,14630,Sat,Weekend,Accupedo,19.1,0
2017-06-18,7436,Sun,Weekend,Accupedo,21.3,0
2017-06-19,21499,Mon,Weekday,Accupedo,23.9,0
2017-06-20,18583,Tue,Weekday,Accupedo,24,0
2017-06-21,14729,Wed,Weekday,Accupedo,24,0
2017-06-22,14396,Thu,Weekday,Accupedo,25.3,0
2017-06-23,19103,Fri,Weekday,Accupedo,19.3,0
2017-06-24,19406,Sat,Weekend,Accupedo,17.6,0
2017-06-25,8339,Sun,Weekend,Accupedo,18.4,0.5
2017-06-26,14027,Mon,Weekday,Accupedo,18.4,1
2017-06-27,14475,Tue,Weekday,Accupedo,16.3,0
2017-06-28,14134,Wed,Weekday,Accupedo,18.5,8.4
2017-06-29,14374,Thu,Weekday,Accupedo,17.3,1.3
2017-06-30,10178,Fri,Weekday,Accupedo,17.4,13.2
2017-07-01,11832,Sat,Weekend,Accupedo,15.3,0
2017-07-02,9195,Sun,Weekend,Accupedo,15.4,2
2017-07-03,15413,Mon,Weekday,Accupedo,17,0
2017-07-04,11605,Tue,Weekday,Accupedo,17.8,0
2017-07-05,17175,Wed,Weekday,Accupedo,20.1,0
2017-07-06,15708,Thu,Weekday,Accupedo,20.7,0
2017-07-07,18184,Fri,Weekday,Accupedo,22.6,1.8
2017-07-08,21386,Sat,Weekend,Accupedo,20.1,0
2017-07-09,28271,Sun,Weekend,Accupedo,18.9,0
2017-07-10,14476,Mon,Weekday,Accupedo,18.7,0
2017-07-11,12513,Tue,Weekday,Accupedo,17.8,1
2017-07-12,5045,Wed,Weekday,Accupedo,16.1,4.3
2017-07-13,14998,Thu,Weekday,Accupedo,15.8,8.6
2017-07-14,14319,Fri,Weekday,Accupedo,16.5,0
2017-07-15,10205,Sat,Weekend,Accupedo,17.5,1
2017-07-16,11813,Sun,Weekend,Accupedo,18.8,0
2017-07-17,9778,Mon,Weekday,Accupedo,19.2,0
2017-07-18,23479,Tue,Weekday,Accupedo,21.2,4.8
2017-07-19,15048,Wed,Weekday,Accupedo,23.5,0
2017-07-20,4869,Thu,Weekday,Accupedo,19.4,0.5
2017-07-21,18381,Fri,Weekday,Accupedo,18.8,12.7
2017-07-22,25390,Sat,Weekend,Accupedo,18.7,0
2017-07-23,14293,Sun,Weekend,Accupedo,15.6,5.1
2017-07-24,14034,Mon,Weekday,Accupedo,15.6,1
2017-07-25,7586,Tue,Weekday,Accupedo,16.4,4.8
2017-07-26,9868,Wed,Weekday,Accupedo,18.6,3.8
2017-07-27,7077,Thu,Weekday,Accupedo,18.1,5.6
2017-07-28,11964,Fri,Weekday,Accupedo,17.3,2.3
2017-07-29,19488,Sat,Weekend,Accupedo,21.3,0
2017-07-30,12696,Sun,Weekend,Accupedo,20.8,0
2017-07-31,12632,Mon,Weekday,Accupedo,18.8,0
2017-08-01,15291,Tue,Weekday,Accupedo,18.4,0
2017-08-02,15680,Wed,Weekday,Accupedo,18.1,0
2017-08-03,15090,Thu,Weekday,Accupedo,19.8,2
2017-08-04,15859,Fri,Weekday,Accupedo,19.4,1
2017-08-05,17761,Sat,Weekend,Accupedo,15.8,0
2017-08-06,11841,Sun,Weekend,Accupedo,16.1,13.7
2017-08-07,18902,Mon,Weekday,Accupedo,17.6,0
2017-08-08,12908,Tue,Weekday,Accupedo,15.5,0
2017-08-09,16702,Wed,Weekday,Accupedo,16.8,6.6
2017-08-10,10538,Thu,Weekday,Accupedo,14.7,0
2017-08-11,15028,Fri,Weekday,Accupedo,16.9,6.9
2017-08-12,19482,Sat,Weekend,Accupedo,16.3,0
2017-08-13,16502,Sun,Weekend,Accupedo,17.1,1.8
2017-08-14,13637,Mon,Weekday,Accupedo,19.3,0
2017-08-15,22952,Tue,Weekday,Accupedo,18.2,0
2017-08-16,15211,Wed,Weekday,Accupedo,18.1,3.8
2017-08-17,16168,Thu,Weekday,Accupedo,18.2,0
2017-08-18,11410,Fri,Weekday,Accupedo,17.3,1.5
2017-08-19,7443,Sat,Weekend,Accupedo,15.2,19
2017-08-20,14908,Sun,Weekend,Accupedo,15.6,6.6
2017-08-21,20433,Mon,Weekday,Accupedo,16.7,0
2017-08-22,15562,Tue,Weekday,Accupedo,19.5,0
2017-08-23,12808,Wed,Weekday,Accupedo,21.1,0
2017-08-24,15436,Thu,Weekday,Accupedo,18,0
2017-08-25,16501,Fri,Weekday,Accupedo,18.7,0
2017-08-26,16736,Sat,Weekend,Accupedo,20.3,0
2017-08-27,12347,Sun,Weekend,Accupedo,19.7,0
2017-08-28,17640,Mon,Weekday,Accupedo,20.9,0
2017-08-29,15542,Tue,Weekday,Accupedo,23.7,0
2017-08-30,16015,Wed,Weekday,Accupedo,19.5,0
2017-08-31,18432,Thu,Weekday,Accupedo,15.2,19.3
2017-09-01,14598,Fri,Weekday,Accupedo,13.8,3.3
2017-09-02,20809,Sat,Weekend,Accupedo,14.5,0
2017-09-03,7529,Sun,Weekend,Accupedo,14.3,0.3
2017-09-04,18723,Mon,Weekday,Accupedo,15.4,0
2017-09-05,17066,Tue,Weekday,Accupedo,18.9,0
2017-09-06,18985,Wed,Weekday,Accupedo,16.3,0.5
2017-09-07,17027,Thu,Weekday,Accupedo,15.1,1.5
2017-09-08,17851,Fri,Weekday,Accupedo,15.2,0
2017-09-09,17961,Sat,Weekend,Accupedo,13.4,4.1
2017-09-10,15353,Sun,Weekend,Accupedo,13.2,13
2017-09-11,16068,Mon,Weekday,Accupedo,13.9,0.3
2017-09-12,17677,Tue,Weekday,Accupedo,14.2,2.3
2017-09-13,19335,Wed,Weekday,Accupedo,14.7,1
2017-09-14,23657,Thu,Weekday,Accupedo,11.6,2.8
2017-09-15,15289,Fri,Weekday,Accupedo,11.3,2.8
2017-09-16,28144,Sat,Weekend,Accupedo,10.9,4.8
2017-09-17,14249,Sun,Weekend,Accupedo,11.3,2.5
2017-09-18,13438,Mon,Weekday,Accupedo,11.4,3.8
2017-09-19,16337,Tue,Weekday,Accupedo,12.8,17.3
2017-09-20,18929,Wed,Weekday,Accupedo,12.9,0
2017-09-21,17676,Thu,Weekday,Accupedo,13.4,0
2017-09-22,22265,Fri,Weekday,Accupedo,13.1,0
2017-09-23,17656,Sat,Weekend,Accupedo,11.5,0.3
2017-09-24,20667,Sun,Weekend,Accupedo,13.4,0
2017-09-25,17534,Mon,Weekday,Accupedo,13.7,0
2017-09-26,12898,Tue,Weekday,Accupedo,13.1,0
2017-09-27,15162,Wed,Weekday,Accupedo,14.8,0
2017-09-28,22047,Thu,Weekday,Accupedo,16.6,0
2017-09-29,17635,Fri,Weekday,Accupedo,17.9,5.6
2017-09-30,22959,Sat,Weekend,Accupedo,13.6,6.6
2017-10-01,19115,Sun,Weekend,Accupedo,13.8,0.5
2017-10-02,22466,Mon,Weekday,Accupedo,15.6,0
2017-10-03,16104,Tue,Weekday,Accupedo,12.4,5.1
2017-10-04,16678,Wed,Weekday,Accupedo,12.2,0
2017-10-05,18961,Thu,Weekday,Accupedo,12.4,0
2017-10-06,23579,Fri,Weekday,Accupedo,10.7,2.3
2017-10-07,27856,Sat,Weekend,Accupedo,10.6,0
2017-10-08,13871,Sun,Weekend,Accupedo,12.2,2.3
2017-10-09,27209,Mon,Weekday,Accupedo,12.8,1.8
2017-10-10,24288,Tue,Weekday,Accupedo,14.2,0
2017-10-11,24078,Wed,Weekday,Accupedo,14.3,0.5
2017-10-12,24514,Thu,Weekday,Accupedo,13.7,0
2017-10-13,16481,Fri,Weekday,Accupedo,15.6,0
2017-10-14,16464,Sat,Weekend,Accupedo,15.7,0
2017-10-15,4235,Sun,Weekend,Accupedo,16.7,0
2017-10-16,28590,Mon,Weekday,Accupedo,19.1,0
2017-10-17,17125,Tue,Weekday,Accupedo,14.4,0.3
2017-10-18,31033,Wed,Weekday,Accupedo,14.3,0
2017-10-19,21350,Thu,Weekday,Accupedo,16.1,0
2017-10-20,20266,Fri,Weekday,Accupedo,13.4,0
2017-10-21,22025,Sat,Weekend,Accupedo,13.2,4.3
2017-10-22,6364,Sun,Weekend,Accupedo,10.2,1.3
2017-10-23,19079,Mon,Weekday,Accupedo,11.6,6.6
2017-10-24,15680,Tue,Weekday,Accupedo,15.1,0.3
2017-10-25,19273,Wed,Weekday,Accupedo,15.1,0
2017-10-26,8904,Thu,Weekday,Accupedo,14.1,0
2017-10-27,8735,Fri,Weekday,Accupedo,11.6,1.8
2017-10-28,11806,Sat,Weekend,Accupedo,10.6,0.3
2017-10-29,12677,Sun,Weekend,Accupedo,10.6,0
2017-10-30,11493,Mon,Weekday,Accupedo,7.7,4.1
2017-10-31,8053,Tue,Weekday,Accupedo,8.8,0
2017-11-01,12744,Wed,Weekday,Accupedo,9.8,0
2017-11-02,13656,Thu,Weekday,Accupedo,9.1,0
2017-11-03,10161,Fri,Weekday,Accupedo,9.2,0
2017-11-04,10860,Sat,Weekend,Accupedo,10.6,0
2017-11-05,22688,Sun,Weekend,Accupedo,7.3,1.3
2017-11-06,18475,Mon,Weekday,Accupedo,5.3,2.3
2017-11-07,26732,Tue,Weekday,Accupedo,2.9,0
2017-11-08,17416,Wed,Weekday,Accupedo,4.8,0
2017-11-09,23967,Thu,Weekday,Accupedo,7.4,0.8
2017-11-10,17386,Fri,Weekday,Accupedo,8.5,0
2017-11-11,19915,Sat,Weekend,Accupedo,6.7,0.8
2017-11-12,10059,Sun,Weekend,Accupedo,5.6,1.8
2017-11-13,18475,Mon,Weekday,Accupedo,5.8,9.4
2017-11-14,23726,Tue,Weekday,Accupedo,6.2,1.5
2017-11-15,34491,Wed,Weekday,Accupedo,8.3,0
2017-11-16,16734,Thu,Weekday,Accupedo,8.8,0
2017-11-17,37420,Fri,Weekday,Accupedo,6.5,0
2017-11-18,35146,Sat,Weekend,Accupedo,5.1,0
2017-11-19,21770,Sun,Weekend,Accupedo,5.1,0.5
2017-11-20,12335,Mon,Weekday,Accupedo,6.3,0.8
2017-11-21,18841,Tue,Weekday,Accupedo,10.1,4.1
2017-11-22,7246,Wed,Weekday,Accupedo,10.8,3.3
2017-11-23,15385,Thu,Weekday,Accupedo,12,0
2017-11-24,16632,Fri,Weekday,Accupedo,7.4,2
2017-11-25,16809,Sat,Weekend,Accupedo,4.1,20.8
2017-11-26,13721,Sun,Weekend,Accupedo,3.9,1.8
2017-11-27,9224,Mon,Weekday,Accupedo,6,0.3
2017-11-28,12412,Tue,Weekday,Accupedo,4.7,13.5
2017-11-29,13417,Wed,Weekday,Accupedo,2.7,2
2017-11-30,13593,Thu,Weekday,Accupedo,1.6,0
2017-12-01,13387,Fri,Weekday,Accupedo,0.8,9.4
2017-12-02,17369,Sat,Weekend,Accupedo,-1.1,0
2017-12-03,9301,Sun,Weekend,Accupedo,1.2,0
2017-12-04,12134,Mon,Weekday,Accupedo,5.3,2.3
2017-12-05,14148,Tue,Weekday,Accupedo,5.7,0.3
2017-12-06,12285,Wed,Weekday,Accupedo,6.8,0
2017-12-07,14182,Thu,Weekday,Accupedo,5.3,0
2017-12-08,17734,Fri,Weekday,Accupedo,2.8,5.6
2017-12-09,29046,Sat,Weekend,Accupedo,0.8,0.5
2017-12-10,10798,Sun,Weekend,Accupedo,2.9,0
2017-12-11,14598,Mon,Weekday,Accupedo,0.8,14
2017-12-12,18096,Tue,Weekday,Accupedo,1.1,18.8
2017-12-13,11319,Wed,Weekday,Accupedo,4.8,4.1
2017-12-14,21383,Thu,Weekday,Accupedo,3.4,14.7
2017-12-15,17162,Fri,Weekday,Accupedo,3.2,5.6
2017-12-16,24840,Sat,Weekend,Accupedo,2.7,0.3
2017-12-17,12351,Sun,Weekend,Accupedo,2.3,1.5
2017-12-18,19725,Mon,Weekday,Accupedo,6.1,3
2017-12-19,15517,Tue,Weekday,Accupedo,4.6,1.3
2017-12-20,14110,Wed,Weekday,Accupedo,7.1,0
2017-12-21,12934,Thu,Weekday,Accupedo,8.7,0.8
2017-12-22,11234,Fri,Weekday,Accupedo,9.2,4.1
2017-12-23,13660,Sat,Weekend,Accupedo,9.1,1
2017-12-24,4618,Sun,Weekend,Accupedo,8.7,0.8
2017-12-25,742,Mon,Weekday,Accupedo,6.4,0.8
2017-12-26,1768,Tue,Weekday,Accupedo,5.6,0.5
2017-12-27,4474,Wed,Weekday,Accupedo,5.1,2.8
2017-12-28,3709,Thu,Weekday,Accupedo,2.6,3.6
2017-12-29,2208,Fri,Weekday,Accupedo,2.6,2
2017-12-30,9974,Sat,Weekend,Accupedo,9.8,3.3
2017-12-31,10500,Sun,Weekend,Accupedo,11.6,3
2018-01-01,6737,Mon,Weekday,Accupedo,6.2,15
2018-01-02,13648,Tue,Weekday,Accupedo,6.6,6.1
2018-01-03,11844,Wed,Weekday,Accupedo,9.2,2.3
2018-01-04,16037,Thu,Weekday,Accupedo,8.6,10.4
2018-01-05,14780,Fri,Weekday,Accupedo,7.7,5.1
2018-01-06,16876,Sat,Weekend,Accupedo,4.9,3.8
2018-01-07,6022,Sun,Weekend,Accupedo,2.9,1.5
2018-01-08,12317,Mon,Weekday,Accupedo,2.7,0
2018-01-09,16152,Tue,Weekday,Accupedo,3.1,0
2018-01-10,20801,Wed,Weekday,Accupedo,6.9,1.8
2018-01-11,15235,Thu,Weekday,Accupedo,5.8,0
2018-01-12,17837,Fri,Weekday,Accupedo,5.9,0
2018-01-13,22608,Sat,Weekend,Accupedo,2.7,0
2018-01-14,2086,Sun,Weekend,Accupedo,2.6,0
2018-01-15,19095,Mon,Weekday,Accupedo,5.5,0
2018-01-16,14270,Tue,Weekday,Accupedo,6.2,7.9
2018-01-17,10293,Wed,Weekday,Accupedo,4.2,0
2018-01-18,16459,Thu,Weekday,Accupedo,6.3,1.5
2018-01-19,17960,Fri,Weekday,Accupedo,3.6,7.1
2018-01-20,16887,Sat,Weekend,Accupedo,1.9,1
2018-01-21,8918,Sun,Weekend,Accupedo,2.7,6.9
2018-01-22,16560,Mon,Weekday,Accupedo,7.6,5.3
2018-01-23,18983,Tue,Weekday,Accupedo,8.6,1
2018-01-24,11798,Wed,Weekday,Accupedo,11.9,0
2018-01-25,15238,Thu,Weekday,Accupedo,8,1
2018-01-26,19447,Fri,Weekday,Accupedo,5.8,0
2018-01-27,13687,Sat,Weekend,Accupedo,5,0
2018-01-28,12059,Sun,Weekend,Accupedo,8.8,0.8
2018-01-29,17365,Mon,Weekday,Accupedo,9.3,0.3
2018-01-30,23388,Tue,Weekday,Accupedo,5.3,1.3
2018-01-31,16220,Wed,Weekday,Accupedo,7.6,0
2018-02-01,14483,Thu,Weekday,Accupedo,3.2,10.7
2018-02-02,22556,Fri,Weekday,Accupedo,3.6,0.3
2018-02-03,25674,Sat,Weekend,Accupedo,2.4,8.6
2018-02-04,9846,Sun,Weekend,Accupedo,0.6,5.3
2018-02-05,15756,Mon,Weekday,Accupedo,-0.4,0.3
2018-02-06,13138,Tue,Weekday,Accupedo,-1.4,0
2018-02-07,16596,Wed,Weekday,Accupedo,-1.8,0
2018-02-08,20534,Thu,Weekday,Accupedo,-0.8,0
2018-02-09,14164,Fri,Weekday,Accupedo,-0.4,0
2018-02-10,17716,Sat,Weekend,Accupedo,2.9,1
2018-02-11,16090,Sun,Weekend,Accupedo,4.1,0.8
2018-02-12,15060,Mon,Weekday,Accupedo,2.2,3
2018-02-13,21062,Tue,Weekday,Accupedo,1.8,0
2018-02-14,14911,Wed,Weekday,Accupedo,1.8,0
2018-02-15,17840,Thu,Weekday,Accupedo,5.4,0.5
2018-02-16,17589,Fri,Weekday,Accupedo,3.9,3.3
2018-02-17,13402,Sat,Weekend,Accupedo,2.4,0
2018-02-18,21263,Sun,Weekend,Accupedo,1.8,0
2018-02-19,15266,Mon,Weekday,Accupedo,1.8,0
2018-02-20,16721,Tue,Weekday,Accupedo,1.7,0.5
2018-02-21,16308,Wed,Weekday,Accupedo,-0.4,0
2018-02-22,13979,Thu,Weekday,Accupedo,-0.2,0
2018-02-23,16899,Fri,Weekday,Accupedo,-0.9,0
2018-02-24,8174,Sat,Weekend,Accupedo,-0.4,0
2018-02-25,18855,Sun,Weekend,Accupedo,-2.1,0
2018-02-26,9971,Mon,Weekday,Accupedo,-3.9,0
2018-02-27,18299,Tue,Weekday,Accupedo,-4.7,0
2018-02-28,12699,Wed,Weekday,Accupedo,-5.9,0
2018-03-01,19785,Thu,Weekday,Accupedo,-2.9,0
2018-03-02,11717,Fri,Weekday,Accupedo,-2.6,0
2018-03-03,16237,Sat,Weekend,Accupedo,0.4,4.3
2018-03-04,17190,Sun,Weekend,Accupedo,5.6,0
2018-03-05,15684,Mon,Weekday,Accupedo,6.7,2.8
2018-03-06,16251,Tue,Weekday,Accupedo,6.6,0
2018-03-07,13659,Wed,Weekday,Accupedo,5.3,0
2018-03-08,22306,Thu,Weekday,Accupedo,5.2,6.3
2018-03-09,17172,Fri,Weekday,Accupedo,6.7,5.3
2018-03-10,17110,Sat,Weekend,Accupedo,11.6,2
2018-03-11,21441,Sun,Weekend,Accupedo,11.8,0.5
2018-03-12,12925,Mon,Weekday,Accupedo,10,3.6
2018-03-13,16538,Tue,Weekday,Accupedo,6,1
2018-03-14,12001,Wed,Weekday,Accupedo,7.9,2.8
2018-03-15,17628,Thu,Weekday,Accupedo,7.1,0
2018-03-16,16187,Fri,Weekday,Accupedo,7.5,6.9
2018-03-17,13057,Sat,Weekend,Accupedo,-1.2,0.3
2018-03-18,7954,Sun,Weekend,Accupedo,-1.2,0
2018-03-19,18835,Mon,Weekday,Accupedo,-0.8,0
2018-03-20,15562,Tue,Weekday,Fitbit,2.4,0
2018-03-21,15305,Wed,Weekday,Fitbit,3,0.3
2018-03-22,16109,Thu,Weekday,Fitbit,5.2,0
2018-03-23,16408,Fri,Weekday,Fitbit,5.7,5.8
2018-03-24,30425,Sat,Weekend,Fitbit,7.6,0
2018-03-25,15787,Sun,Weekend,Fitbit,7.1,0
2018-03-26,16614,Mon,Weekday,Fitbit,6.1,0
2018-03-27,15352,Tue,Weekday,Fitbit,6,0
2018-03-28,12491,Wed,Weekday,Fitbit,6.8,4.8
2018-03-29,21643,Thu,Weekday,Fitbit,7.1,7.9
2018-03-30,25605,Fri,Weekday,Fitbit,8,0.3
2018-03-31,19083,Sat,Weekend,Fitbit,7.1,5.3
2018-04-01,10996,Sun,Weekend,Fitbit,5.9,2.8
2018-04-02,13490,Mon,Weekday,Fitbit,9.3,0.5
2018-04-03,16473,Tue,Weekday,Fitbit,12,1
2018-04-04,18420,Wed,Weekday,Fitbit,10.4,1
2018-04-05,14205,Thu,Weekday,Fitbit,6.9,3.3
2018-04-06,34674,Fri,Weekday,Fitbit,9.3,0.8
2018-04-07,17078,Sat,Weekend,Fitbit,14.4,0
2018-04-08,15138,Sun,Weekend,Fitbit,15.9,0
2018-04-09,17263,Mon,Weekday,Fitbit,13.4,0
2018-04-10,15599,Tue,Weekday,Fitbit,13.8,0
2018-04-11,15526,Wed,Weekday,Fitbit,10.4,1.5
2018-04-12,16368,Thu,Weekday,Fitbit,9.7,0
2018-04-13,14350,Fri,Weekday,Fitbit,10.8,0
2018-04-14,15522,Sat,Weekend,Fitbit,11.9,0
2018-04-15,16159,Sun,Weekend,Fitbit,13.7,7.1
2018-04-16,17050,Mon,Weekday,Fitbit,12.1,0.5
2018-04-17,15161,Tue,Weekday,Fitbit,14.1,0
2018-04-18,15761,Wed,Weekday,Fitbit,17.9,0
2018-04-19,15921,Thu,Weekday,Fitbit,20.2,0
2018-04-20,19253,Fri,Weekday,Fitbit,19.8,0
2018-04-21,26742,Sat,Weekend,Fitbit,16.7,0
2018-04-22,10822,Sun,Weekend,Fitbit,19.3,0
2018-04-23,15641,Mon,Weekday,Fitbit,14.2,0
2018-04-24,15085,Tue,Weekday,Fitbit,12.4,0
2018-04-25,22858,Wed,Weekday,Fitbit,12.6,0
2018-04-26,13938,Thu,Weekday,Fitbit,10.2,0.5
2018-04-27,18212,Fri,Weekday,Fitbit,11.9,1.8
2018-04-28,13094,Sat,Weekend,Fitbit,12.7,0
2018-04-29,20959,Sun,Weekend,Fitbit,9.6,0
2018-04-30,12356,Mon,Weekday,Fitbit,9.1,26.9
2018-05-01,18919,Tue,Weekday,Fitbit,8.7,9.9
2018-05-02,13968,Wed,Weekday,Fitbit,11,0.5
2018-05-03,13653,Thu,Weekday,Fitbit,11.1,0.8
2018-05-04,18813,Fri,Weekday,Fitbit,12,0
2018-05-05,17912,Sat,Weekend,Fitbit,15.3,0
2018-05-06,12018,Sun,Weekend,Fitbit,18.1,0
2018-05-07,15494,Mon,Weekday,Fitbit,19.5,0
2018-05-08,14339,Tue,Weekday,Fitbit,20.3,0
2018-05-09,11496,Wed,Weekday,Fitbit,17.8,0
2018-05-10,7467,Thu,Weekday,Fitbit,12.6,0
2018-05-11,14814,Fri,Weekday,Fitbit,12.9,0
2018-05-12,19159,Sat,Weekend,Fitbit,17.4,0
2018-05-13,11689,Sun,Weekend,Fitbit,12.2,0
2018-05-14,13154,Mon,Weekday,Fitbit,13.3,1.8
2018-05-15,14810,Tue,Weekday,Fitbit,17.4,0
2018-05-16,16885,Wed,Weekday,Fitbit,15.2,0
2018-05-17,25744,Thu,Weekday,Fitbit,11.9,0.3
2018-05-18,19460,Fri,Weekday,Fitbit,10.4,0
2018-05-19,16464,Sat,Weekend,Fitbit,10,0
2018-05-20,15675,Sun,Weekend,Fitbit,14.6,0
2018-05-21,10885,Mon,Weekday,Fitbit,17.1,0.3
2018-05-22,15496,Tue,Weekday,Fitbit,16.8,2.3
2018-05-23,7522,Wed,Weekday,Fitbit,17.4,5.8
2018-05-24,7896,Thu,Weekday,Fitbit,17.5,13.7
2018-05-25,20364,Fri,Weekday,Fitbit,19.4,51.3
2018-05-26,17242,Sat,Weekend,Fitbit,21.9,0
2018-05-27,18156,Sun,Weekend,Fitbit,21.7,0
2018-05-28,12290,Mon,Weekday,Fitbit,22.5,1
2018-05-29,14831,Tue,Weekday,Fitbit,20.7,0
2018-05-30,15008,Wed,Weekday,Fitbit,21.2,0
2018-05-31,14113,Thu,Weekday,Fitbit,20.8,0
2018-06-01,18383,Fri,Weekday,Fitbit,17.7,1.8
2018-06-02,25212,Sat,Weekend,Fitbit,16.8,8.6
2018-06-03,12124,Sun,Weekend,Fitbit,18.8,0
2018-06-04,12591,Mon,Weekday,Fitbit,19.2,0
2018-06-05,0,Tue,Weekday,Fitbit,16.3,0
2018-06-06,16013,Wed,Weekday,Fitbit,19.8,0
2018-06-07,11691,Thu,Weekday,Fitbit,20.2,0
2018-06-08,14787,Fri,Weekday,Fitbit,18.3,3.3
2018-06-09,22668,Sat,Weekend,Fitbit,19.2,0.3
2018-06-10,12385,Sun,Weekend,Fitbit,19.8,0
2018-06-11,14029,Mon,Weekday,Fitbit,17.9,0
2018-06-12,14088,Tue,Weekday,Fitbit,14.9,0.3
2018-06-13,11890,Wed,Weekday,Fitbit,14.2,0
2018-06-14,13030,Thu,Weekday,Fitbit,15.3,0
2018-06-15,13453,Fri,Weekday,Fitbit,17.3,0
2018-06-16,16319,Sat,Weekend,Fitbit,16.7,0
2018-06-17,6180,Sun,Weekend,Fitbit,15.9,0
2018-06-18,9375,Mon,Weekday,Fitbit,17.2,0
2018-06-19,6973,Tue,Weekday,Fitbit,17.7,0
2018-06-20,10672,Wed,Weekday,Fitbit,21,0
2018-06-21,13668,Thu,Weekday,Fitbit,14.7,0
2018-06-22,10671,Fri,Weekday,Fitbit,12.8,0
2018-06-23,20188,Sat,Weekend,Fitbit,14.6,0
2018-06-24,14149,Sun,Weekend,Fitbit,15.1,0
2018-06-25,20927,Mon,Weekday,Fitbit,17,0
2018-06-26,19081,Tue,Weekday,Fitbit,16.8,0
2018-06-27,12148,Wed,Weekday,Fitbit,19.3,0
2018-06-28,19003,Thu,Weekday,Fitbit,21,0
2018-06-29,26533,Fri,Weekday,Fitbit,21.4,0
2018-06-30,15886,Sat,Weekend,Fitbit,21.5,0
2018-07-01,16329,Sun,Weekend,Fitbit,22.3,0
2018-07-02,14067,Mon,Weekday,Fitbit,20.9,0
2018-07-03,17631,Tue,Weekday,Fitbit,21.4,0
2018-07-04,17100,Wed,Weekday,Fitbit,21.6,0
2018-07-05,12990,Thu,Weekday,Fitbit,20.6,1.5
2018-07-06,16157,Fri,Weekday,Fitbit,21.3,0
2018-07-07,15743,Sat,Weekend,Fitbit,21.2,0
2018-07-08,8009,Sun,Weekend,Fitbit,19.9,0
2018-07-09,11578,Mon,Weekday,Fitbit,19,0
2018-07-10,12262,Tue,Weekday,Fitbit,15.2,0
2018-07-11,14228,Wed,Weekday,Fitbit,17.4,0.3
2018-07-12,12061,Thu,Weekday,Fitbit,19.1,0
2018-07-13,12977,Fri,Weekday,Fitbit,19,0
2018-07-14,4977,Sat,Weekend,Fitbit,20.3,0
2018-07-15,11576,Sun,Weekend,Fitbit,22.1,4.1
2018-07-16,12397,Mon,Weekday,Fitbit,22.4,0
2018-07-17,16440,Tue,Weekday,Fitbit,20.6,0
2018-07-18,9185,Wed,Weekday,Fitbit,19.2,0.3
2018-07-19,12629,Thu,Weekday,Fitbit,20.1,0
2018-07-20,9352,Fri,Weekday,Fitbit,19.8,0
2018-07-21,14355,Sat,Weekend,Fitbit,21.1,0
2018-07-22,13579,Sun,Weekend,Fitbit,21.4,0
2018-07-23,20407,Mon,Weekday,Fitbit,24.3,0
2018-07-24,25633,Tue,Weekday,Fitbit,24.8,0
2018-07-25,18352,Wed,Weekday,Fitbit,26.1,0
2018-07-26,14507,Thu,Weekday,Fitbit,24.8,0
2018-07-27,13416,Fri,Weekday,Fitbit,26.6,28.7
2018-07-28,17384,Sat,Weekend,Fitbit,21.1,0
2018-07-29,10269,Sun,Weekend,Fitbit,21.4,2.8
2018-07-30,14652,Mon,Weekday,Fitbit,23.4,0
2018-07-31,6720,Tue,Weekday,Fitbit,22.4,0
2018-08-01,17270,Wed,Weekday,Fitbit,21.7,0
2018-08-02,15552,Thu,Weekday,Fitbit,22.8,0
2018-08-03,12963,Fri,Weekday,Fitbit,24.6,0
2018-08-04,29876,Sat,Weekend,Fitbit,23.1,0
2018-08-05,14329,Sun,Weekend,Fitbit,21.3,0
2018-08-06,12503,Mon,Weekday,Fitbit,24.4,0
2018-08-07,13864,Tue,Weekday,Fitbit,26.7,0
2018-08-08,15671,Wed,Weekday,Fitbit,19.6,1.5
2018-08-09,15744,Thu,Weekday,Fitbit,17.1,3.3
2018-08-10,15429,Fri,Weekday,Fitbit,17.4,1.8
2018-08-11,14654,Sat,Weekend,Fitbit,16.8,4.3
2018-08-12,2751,Sun,Weekend,Fitbit,21.3,0
2018-08-13,11380,Mon,Weekday,Fitbit,18.3,7.1
2018-08-14,14911,Tue,Weekday,Fitbit,18.6,3.3
2018-08-15,30791,Wed,Weekday,Fitbit,18.2,0
2018-08-16,15395,Thu,Weekday,Fitbit,20,0
2018-08-17,14892,Fri,Weekday,Fitbit,17.6,1
2018-08-18,11683,Sat,Weekend,Fitbit,17.3,25.9
2018-08-19,11854,Sun,Weekend,Fitbit,19.2,0
2018-08-20,14513,Mon,Weekday,Fitbit,20.2,0
2018-08-21,14958,Tue,Weekday,Fitbit,21.2,0
2018-08-22,9571,Wed,Weekday,Fitbit,20.3,0
2018-08-23,14532,Thu,Weekday,Fitbit,18.4,0
2018-08-24,21478,Fri,Weekday,Fitbit,16.5,0.8
2018-08-25,11877,Sat,Weekend,Fitbit,13.3,1
2018-08-26,16363,Sun,Weekend,Fitbit,14.2,2
2018-08-27,18276,Mon,Weekday,Fitbit,16.8,3.3
2018-08-28,12014,Tue,Weekday,Fitbit,17,1.5
2018-08-29,12964,Wed,Weekday,Fitbit,15.7,0
2018-08-30,14426,Thu,Weekday,Fitbit,15.9,2.8
2018-08-31,20555,Fri,Weekday,Fitbit,14.3,3.3
2018-09-01,15254,Sat,Weekend,Fitbit,14.2,0
2018-09-02,14615,Sun,Weekend,Fitbit,15.6,0
2018-09-03,11422,Mon,Weekday,Fitbit,17,0
2018-09-04,16139,Tue,Weekday,Fitbit,19.4,0
2018-09-05,11666,Wed,Weekday,Fitbit,19.9,0
2018-09-06,15764,Thu,Weekday,Fitbit,17.8,0.3
2018-09-07,17324,Fri,Weekday,Fitbit,14.7,0.3
2018-09-08,15421,Sat,Weekend,Fitbit,14.7,1.3
2018-09-09,6499,Sun,Weekend,Fitbit,18.3,0
2018-09-10,15928,Mon,Weekday,Fitbit,17.9,0
2018-09-11,21757,Tue,Weekday,Fitbit,20.1,0
2018-09-12,17431,Wed,Weekday,Fitbit,15.8,0
2018-09-13,17526,Thu,Weekday,Fitbit,14.6,1
2018-09-14,17867,Fri,Weekday,Fitbit,13.6,0.3
2018-09-15,15779,Sat,Weekend,Fitbit,15.2,0
2018-09-16,14983,Sun,Weekend,Fitbit,16.6,0
2018-09-17,14519,Mon,Weekday,Fitbit,19.6,0
2018-09-18,13367,Tue,Weekday,Fitbit,20.7,0
2018-09-19,16547,Wed,Weekday,Fitbit,19.3,0
2018-09-20,14030,Thu,Weekday,Fitbit,19.6,0
2018-09-21,20558,Fri,Weekday,Fitbit,16.1,0
2018-09-22,30117,Sat,Weekend,Fitbit,12.2,1.5
2018-09-23,11790,Sun,Weekend,Fitbit,10.6,5.1
2018-09-24,15168,Mon,Weekday,Fitbit,9.7,18.5
2018-09-25,16324,Tue,Weekday,Fitbit,9.8,2.8
2018-09-26,19017,Wed,Weekday,Fitbit,11.5,0
2018-09-27,17651,Thu,Weekday,Fitbit,13.4,0
2018-09-28,22106,Fri,Weekday,Fitbit,11.4,0
2018-09-29,23732,Sat,Weekend,Fitbit,8.9,0
2018-09-30,10130,Sun,Weekend,Fitbit,9.8,0
2018-10-01,14276,Mon,Weekday,Fitbit,9.7,0.3
2018-10-02,12735,Tue,Weekday,Fitbit,11.9,1.5
2018-10-03,16631,Wed,Weekday,Fitbit,13.1,0.8
2018-10-04,12443,Thu,Weekday,Fitbit,14.3,0
2018-10-05,40461,Fri,Weekday,Fitbit,13.9,0
2018-10-06,32612,Sat,Weekend,Fitbit,16.4,0
2018-10-07,18898,Sun,Weekend,Fitbit,11.8,0.8
2018-10-08,11684,Mon,Weekday,Fitbit,9.7,0
2018-10-09,11646,Tue,Weekday,Fitbit,12.4,0
2018-10-10,14984,Wed,Weekday,Fitbit,15.3,34.5
2018-10-11,15822,Thu,Weekday,Fitbit,19.1,0
2018-10-12,18883,Fri,Weekday,Fitbit,18.1,2.3
2018-10-13,19149,Sat,Weekend,Fitbit,19.4,0
2018-10-14,10574,Sun,Weekend,Fitbit,18.9,0
2018-10-15,15096,Mon,Weekday,Fitbit,18,0
2018-10-16,8458,Tue,Weekday,Fitbit,16.6,0
2018-10-17,18110,Wed,Weekday,Fitbit,14.4,0
2018-10-18,12247,Thu,Weekday,Fitbit,12.6,0
2018-10-19,22139,Fri,Weekday,Fitbit,11.9,0
2018-10-20,20101,Sat,Weekend,Fitbit,8.7,0
2018-10-21,13736,Sun,Weekend,Fitbit,9.6,0
2018-10-22,16585,Mon,Weekday,Fitbit,11.4,0
2018-10-23,16222,Tue,Weekday,Fitbit,10.2,0
2018-10-24,11764,Wed,Weekday,Fitbit,14,0
2018-10-25,12801,Thu,Weekday,Fitbit,11.7,0
2018-10-26,11940,Fri,Weekday,Fitbit,9.6,1
2018-10-27,33272,Sat,Weekend,Fitbit,6.3,1.5
2018-10-28,13327,Sun,Weekend,Fitbit,3.3,1
2018-10-29,17209,Mon,Weekday,Fitbit,3.9,0
2018-10-30,15375,Tue,Weekday,Fitbit,5.3,2.5
2018-10-31,11657,Wed,Weekday,Fitbit,7.6,20.3
2018-11-01,10227,Thu,Weekday,Fitbit,10.2,0
2018-11-02,18130,Fri,Weekday,Fitbit,7.2,1.8
2018-11-03,18501,Sat,Weekend,Fitbit,4.4,0
2018-11-04,18060,Sun,Weekend,Fitbit,6.8,0
2018-11-05,14295,Mon,Weekday,Fitbit,9.3,0
2018-11-06,10338,Tue,Weekday,Fitbit,14.3,0
2018-11-07,13062,Wed,Weekday,Fitbit,10.9,0
2018-11-08,19233,Thu,Weekday,Fitbit,9.3,1
2018-11-09,13129,Fri,Weekday,Fitbit,9.2,0
2018-11-10,13681,Sat,Weekend,Fitbit,11.6,0
2018-11-11,17451,Sun,Weekend,Fitbit,11.4,3.3
2018-11-12,15812,Mon,Weekday,Fitbit,10,10.7
2018-11-13,13797,Tue,Weekday,Fitbit,10.1,9.9
2018-11-14,16497,Wed,Weekday,Fitbit,8.7,0
2018-11-15,17159,Thu,Weekday,Fitbit,8.1,0
2018-11-16,19738,Fri,Weekday,Fitbit,4.9,0
2018-11-17,33290,Sat,Weekend,Fitbit,3,0
2018-11-18,13799,Sun,Weekend,Fitbit,2.2,0
2018-11-19,10466,Mon,Weekday,Fitbit,3.2,0
2018-11-20,10127,Tue,Weekday,Fitbit,3.2,0
2018-11-21,12290,Wed,Weekday,Fitbit,3.3,0
2018-11-22,20305,Thu,Weekday,Fitbit,2.2,0
2018-11-23,13894,Fri,Weekday,Fitbit,4.7,0
2018-11-24,11666,Sat,Weekend,Fitbit,3.2,0
2018-11-25,15725,Sun,Weekend,Fitbit,3.3,6.3
2018-11-26,15715,Mon,Weekday,Fitbit,4.6,0
2018-11-27,20364,Tue,Weekday,Fitbit,4.3,3.8
2018-11-28,16176,Wed,Weekday,Fitbit,7.7,0
2018-11-29,11961,Thu,Weekday,Fitbit,10.8,2.3
2018-11-30,19325,Fri,Weekday,Fitbit,9.6,1.5
2018-12-01,18236,Sat,Weekend,Fitbit,7.4,0
2018-12-02,14366,Sun,Weekend,Fitbit,12.4,1.8
2018-12-03,12780,Mon,Weekday,Fitbit,12.3,9.7
2018-12-04,14576,Tue,Weekday,Fitbit,6.6,5.1
2018-12-05,12743,Wed,Weekday,Fitbit,7.5,0.8
2018-12-06,19045,Thu,Weekday,Fitbit,11.4,0.5
2018-12-07,26782,Fri,Weekday,Fitbit,10.1,0.5
2018-12-08,18862,Sat,Weekend,Fitbit,8.9,10.4
2018-12-09,16590,Sun,Weekend,Fitbit,8.4,8.9
2018-12-10,23056,Mon,Weekday,Fitbit,5.6,2.8
2018-12-11,16823,Tue,Weekday,Fitbit,3.7,0.8
2018-12-12,11654,Wed,Weekday,Fitbit,1.2,0
2018-12-13,20432,Thu,Weekday,Fitbit,-0.3,0
2018-12-14,21200,Fri,Weekday,Fitbit,-0.6,0
2018-12-15,27436,Sat,Weekend,Fitbit,0.3,0
2018-12-16,13413,Sun,Weekend,Fitbit,2.3,5.6
2018-12-17,9760,Mon,Weekday,Fitbit,6.5,1.5
2018-12-18,19035,Tue,Weekday,Fitbit,7.2,0.3
2018-12-19,11816,Wed,Weekday,Fitbit,7.6,0
2018-12-20,13373,Thu,Weekday,Fitbit,7.6,0.3
2018-12-21,12630,Fri,Weekday,Fitbit,10.7,1
2018-12-22,19982,Sat,Weekend,Fitbit,9.9,16
2018-12-23,12087,Sun,Weekend,Fitbit,9.1,4.3
2018-12-24,17182,Mon,Weekday,Fitbit,5.2,9.4
2018-12-25,12669,Tue,Weekday,Fitbit,1.2,0.5
2018-12-26,15235,Wed,Weekday,Fitbit,0.5,0
2018-12-27,3740,Thu,Weekday,Fitbit,1.2,0
2018-12-28,5654,Fri,Weekday,Fitbit,0.7,0
2018-12-29,5329,Sat,Weekend,Fitbit,5.4,0
2018-12-30,17667,Sun,Weekend,Fitbit,6.7,0
2018-12-31,10100,Mon,Weekday,Fitbit,8.9,0
2019-01-01,15337,Tue,Weekday,Fitbit,6.9,1
2019-01-02,15138,Wed,Weekday,Fitbit,4.8,0.3
2019-01-03,7270,Thu,Weekday,Fitbit,4,0
2019-01-04,17365,Fri,Weekday,Fitbit,3.6,0
2019-01-05,13469,Sat,Weekend,Fitbit,5.3,0
2019-01-06,8406,Sun,Weekend,Fitbit,4.6,1
2019-01-07,10103,Mon,Weekday,Fitbit,6.2,0.3
2019-01-08,14232,Tue,Weekday,Fitbit,6.6,2.3
2019-01-09,16932,Wed,Weekday,Fitbit,4.2,3.3
2019-01-10,17123,Thu,Weekday,Fitbit,2.4,0.8
2019-01-11,16857,Fri,Weekday,Fitbit,5.2,0
2019-01-12,19869,Sat,Weekend,Fitbit,6.8,2.8
2019-01-13,9584,Sun,Weekend,Fitbit,8.5,1
2019-01-14,11575,Mon,Weekday,Fitbit,6.1,8.6
2019-01-15,11897,Tue,Weekday,Fitbit,5.7,0.8
2019-01-16,11907,Wed,Weekday,Fitbit,5.7,0
2019-01-17,20683,Thu,Weekday,Fitbit,3.7,1.5
2019-01-18,14425,Fri,Weekday,Fitbit,0.4,8.4
2019-01-19,20743,Sat,Weekend,Fitbit,-0.6,0
2019-01-20,15002,Sun,Weekend,Fitbit,-2.2,0
2019-01-21,13415,Mon,Weekday,Fitbit,-2.1,0
2019-01-22,15771,Tue,Weekday,Fitbit,-1.3,0
2019-01-23,13679,Wed,Weekday,Fitbit,-1.2,0.8
2019-01-24,16858,Thu,Weekday,Fitbit,-0.3,0.5
2019-01-25,22397,Fri,Weekday,Fitbit,0.7,0
2019-01-26,27083,Sat,Weekend,Fitbit,6.4,0.5
2019-01-27,15250,Sun,Weekend,Fitbit,5.2,1.5
2019-01-28,12509,Mon,Weekday,Fitbit,3.2,8.4
2019-01-29,8706,Tue,Weekday,Fitbit,1.6,15.7
2019-01-30,11491,Wed,Weekday,Fitbit,0.2,0
2019-01-31,22000,Thu,Weekday,Fitbit,-1.6,2.3
2019-02-01,18234,Fri,Weekday,Fitbit,2,0.3
2019-02-02,14048,Sat,Weekend,Fitbit,1.6,2.8
2019-02-03,16101,Sun,Weekend,Fitbit,2.4,17.5
2019-02-04,14254,Mon,Weekday,Fitbit,1.6,0
2019-02-05,12312,Tue,Weekday,Fitbit,3.4,0
2019-02-06,15778,Wed,Weekday,Fitbit,5.3,0
2019-02-07,15422,Thu,Weekday,Fitbit,7.8,3
2019-02-08,19793,Fri,Weekday,Fitbit,7.7,4.3
2019-02-09,18734,Sat,Weekend,Fitbit,7.9,5.3
2019-02-10,8299,Sun,Weekend,Fitbit,7.3,4.8
2019-02-11,12071,Mon,Weekday,Fitbit,4.5,11.9
2019-02-12,19687,Tue,Weekday,Fitbit,3.6,0
2019-02-13,17444,Wed,Weekday,Fitbit,3.8,0
2019-02-14,17662,Thu,Weekday,Fitbit,5.8,0
2019-02-15,21282,Fri,Weekday,Fitbit,8.2,0
2019-02-16,13385,Sat,Weekend,Fitbit,8,0
2019-02-17,11469,Sun,Weekend,Fitbit,9.4,0
2019-02-18,13728,Mon,Weekday,Fitbit,9.3,0
2019-02-19,11085,Tue,Weekday,Fitbit,7.8,0
2019-02-20,14394,Wed,Weekday,Fitbit,6.7,0
2019-02-21,15310,Thu,Weekday,Fitbit,9.2,0
2019-02-22,11925,Fri,Weekday,Fitbit,8.3,0
2019-02-23,11021,Sat,Weekend,Fitbit,7.9,0
2019-02-24,15071,Sun,Weekend,Fitbit,8,0
2019-02-25,18254,Mon,Weekday,Fitbit,9.7,0
2019-02-26,14419,Tue,Weekday,Fitbit,10.8,0
2019-02-27,12357,Wed,Weekday,Fitbit,10.8,0
2019-02-28,17932,Thu,Weekday,Fitbit,8.7,0
2019-03-01,20430,Fri,Weekday,Fitbit,6.9,1.3
2019-03-02,21383,Sat,Weekend,Fitbit,8.3,2
2019-03-03,16210,Sun,Weekend,Fitbit,11.1,0
2019-03-04,11438,Mon,Weekday,Fitbit,8.7,3
2019-03-05,14194,Tue,Weekday,Fitbit,6.9,4.3
2019-03-06,9015,Wed,Weekday,Fitbit,10,1.8
2019-03-07,12408,Thu,Weekday,Fitbit,8.7,0.5
2019-03-08,11318,Fri,Weekday,Fitbit,7.9,13
2019-03-09,19803,Sat,Weekend,Fitbit,9.6,3.8
2019-03-10,13917,Sun,Weekend,Fitbit,7.9,1
2019-03-11,12680,Mon,Weekday,Fitbit,5.2,10.4
2019-03-12,21554,Tue,Weekday,Fitbit,7,1
2019-03-13,9933,Wed,Weekday,Fitbit,6.6,1
2019-03-14,20403,Thu,Weekday,Fitbit,8.3,2.5
2019-03-15,18446,Fri,Weekday,Fitbit,10.1,14
2019-03-16,20545,Sat,Weekend,Fitbit,10.4,8.1
2019-03-17,8415,Sun,Weekend,Fitbit,6.6,2.5
2019-03-18,14478,Mon,Weekday,Fitbit,5,4.1
2019-03-19,15606,Tue,Weekday,Fitbit,6,0.5
2019-03-20,13434,Wed,Weekday,Fitbit,8.9,0
2019-03-21,21575,Thu,Weekday,Fitbit,9.2,0
2019-03-22,15501,Fri,Weekday,Fitbit,10,0
2019-03-23,18361,Sat,Weekend,Fitbit,9,0
2019-03-24,8181,Sun,Weekend,Fitbit,7.7,0
2019-03-25,13561,Mon,Weekday,Fitbit,7.2,0.5
2019-03-26,15637,Tue,Weekday,Fitbit,7.3,0
2019-03-27,12523,Wed,Weekday,Fitbit,7.7,0
2019-03-28,24020,Thu,Weekday,Fitbit,9,0
2019-03-29,15988,Fri,Weekday,Fitbit,10.5,0
2019-03-30,17897,Sat,Weekend,Fitbit,12.7,0
2019-03-31,12952,Sun,Weekend,Fitbit,8.9,0
2019-04-01,8371,Mon,Weekday,Fitbit,9.1,0
2019-04-02,18171,Tue,Weekday,Fitbit,10.3,0
2019-04-03,2139,Wed,Weekday,Fitbit,6.1,2.8
2019-04-04,5502,Thu,Weekday,Fitbit,5.8,2.8
2019-04-05,23597,Fri,Weekday,Fitbit,7.6,0
2019-04-06,14674,Sat,Weekend,Fitbit,9.9,0
2019-04-07,10417,Sun,Weekend,Fitbit,13.1,0
2019-04-08,11729,Mon,Weekday,Fitbit,10,0
2019-04-09,12765,Tue,Weekday,Fitbit,9.8,0.8
2019-04-10,11165,Wed,Weekday,Fitbit,7.6,5.1
2019-04-11,12944,Thu,Weekday,Fitbit,5.2,0
2019-04-12,12244,Fri,Weekday,Fitbit,4.1,0
2019-04-13,12091,Sat,Weekend,Fitbit,2.6,0
2019-04-14,10562,Sun,Weekend,Fitbit,3.8,0
2019-04-15,16250,Mon,Weekday,Fitbit,8.7,0
2019-04-16,12311,Tue,Weekday,Fitbit,11.9,0
2019-04-17,15925,Wed,Weekday,Fitbit,11.9,0
2019-04-18,17220,Thu,Weekday,Fitbit,14.8,0
2019-04-19,16178,Fri,Weekday,Fitbit,16.7,0
2019-04-20,17066,Sat,Weekend,Fitbit,16.6,0
2019-04-21,8379,Sun,Weekend,Fitbit,16.8,0
2019-04-22,16682,Mon,Weekday,Fitbit,17.7,0
2019-04-23,14613,Tue,Weekday,Fitbit,15.5,0
2019-04-24,14191,Wed,Weekday,Fitbit,15.7,0
2019-04-25,17113,Thu,Weekday,Fitbit,11.6,2.3
2019-04-26,21976,Fri,Weekday,Fitbit,12,2.5
2019-04-27,12180,Sat,Weekend,Fitbit,9.9,0
2019-04-28,12933,Sun,Weekend,Fitbit,8.4,3
2019-04-29,11305,Mon,Weekday,Fitbit,9.7,2.5
2019-04-30,16983,Tue,Weekday,Fitbit,10.8,0
2019-05-01,15359,Wed,Weekday,Fitbit,9.8,0
2019-05-02,18435,Thu,Weekday,Fitbit,9.1,0
2019-05-03,22780,Fri,Weekday,Fitbit,8.8,7.1
2019-05-04,26358,Sat,Weekend,Fitbit,6,4.1
2019-05-05,13928,Sun,Weekend,Fitbit,6.3,7.4
2019-05-06,13158,Mon,Weekday,Fitbit,7,1.3
2019-05-07,20207,Tue,Weekday,Fitbit,9,0.8
2019-05-08,14163,Wed,Weekday,Fitbit,10.1,0
2019-05-09,14530,Thu,Weekday,Fitbit,11.1,1.5
2019-05-10,17892,Fri,Weekday,Fitbit,10.9,1
2019-05-11,15379,Sat,Weekend,Fitbit,10.7,4.8
2019-05-12,18297,Sun,Weekend,Fitbit,9,0.5
2019-05-13,11886,Mon,Weekday,Fitbit,9.5,0
2019-05-14,18860,Tue,Weekday,Fitbit,10.3,0
2019-05-15,10685,Wed,Weekday,Fitbit,11.4,0
2019-05-16,21389,Thu,Weekday,Fitbit,11.7,0
2019-05-17,13975,Fri,Weekday,Fitbit,10.7,0
2019-05-18,27749,Sat,Weekend,Fitbit,13.9,0
2019-05-19,12858,Sun,Weekend,Fitbit,13.7,0
2019-05-20,13091,Mon,Weekday,Fitbit,11.4,1.5
2019-05-21,22193,Tue,Weekday,Fitbit,12.2,0.8
2019-05-22,12896,Wed,Weekday,Fitbit,13.5,0
2019-05-23,20718,Thu,Weekday,Fitbit,16.2,0
2019-05-24,14483,Fri,Weekday,Fitbit,16.3,0
2019-05-25,13254,Sat,Weekend,Fitbit,12.9,0
2019-05-26,15424,Sun,Weekend,Fitbit,14.8,2.5
2019-05-27,13195,Mon,Weekday,Fitbit,15.2,1.5
2019-05-28,18541,Tue,Weekday,Fitbit,11.4,1.8
2019-05-29,11726,Wed,Weekday,Fitbit,13.3,33
2019-05-30,16356,Thu,Weekday,Fitbit,16.7,0
2019-05-31,19018,Fri,Weekday,Fitbit,16.6,0
2019-06-01,24221,Sat,Weekend,Fitbit,20,0
2019-06-02,8367,Sun,Weekend,Fitbit,22.7,0
2019-06-03,13140,Mon,Weekday,Fitbit,17.4,0
2019-06-04,20383,Tue,Weekday,Fitbit,18.5,0
2019-06-05,18846,Wed,Weekday,Fitbit,14.9,2
2019-06-06,11331,Thu,Weekday,Fitbit,13.2,16
2019-06-07,16094,Fri,Weekday,Fitbit,14.2,7.9
2019-06-08,13388,Sat,Weekend,Fitbit,14,0.3
2019-06-09,12592,Sun,Weekend,Fitbit,14.1,1.5
2019-06-10,11138,Mon,Weekday,Fitbit,15.3,0
2019-06-11,14888,Tue,Weekday,Fitbit,14.2,17
2019-06-12,29421,Wed,Weekday,Fitbit,13.9,0.3
2019-06-13,19142,Thu,Weekday,Fitbit,13.9,7.9
2019-06-14,18059,Fri,Weekday,Fitbit,17.2,9.4
2019-06-15,22987,Sat,Weekend,Fitbit,15.9,0.5
2019-06-16,15665,Sun,Weekend,Fitbit,16.3,24.4
2019-06-17,13718,Mon,Weekday,Fitbit,19.2,0
2019-06-18,15402,Tue,Weekday,Fitbit,20.9,0
2019-06-19,10879,Wed,Weekday,Fitbit,19.6,0
2019-06-20,12801,Thu,Weekday,Fitbit,16.8,4.1
2019-06-21,15667,Fri,Weekday,Fitbit,15,0
2019-06-22,28706,Sat,Weekend,Fitbit,16.7,0
2019-06-23,15379,Sun,Weekend,Fitbit,21.6,0
2019-06-24,14287,Mon,Weekday,Fitbit,24.6,0
2019-06-25,11148,Tue,Weekday,Fitbit,25.6,0
2019-06-26,11196,Wed,Weekday,Fitbit,20.1,0
2019-06-27,10529,Thu,Weekday,Fitbit,18.5,0
2019-06-28,14606,Fri,Weekday,Fitbit,18.6,0
2019-06-29,23897,Sat,Weekend,Fitbit,23.7,0
2019-06-30,17450,Sun,Weekend,Fitbit,22.4,0
2019-07-01,9612,Mon,Weekday,Fitbit,18.1,0
2019-07-02,10674,Tue,Weekday,Fitbit,17.2,0
2019-07-03,10343,Wed,Weekday,Fitbit,15.5,0
2019-07-04,10906,Thu,Weekday,Fitbit,16.2,0
2019-07-05,8801,Fri,Weekday,Fitbit,19,0
2019-07-06,19871,Sat,Weekend,Fitbit,19,0
2019-07-07,16004,Sun,Weekend,Fitbit,15.8,0
2019-07-08,12378,Mon,Weekday,Fitbit,13.9,0
2019-07-09,15530,Tue,Weekday,Fitbit,14.7,0
2019-07-10,12537,Wed,Weekday,Fitbit,17.6,0
2019-07-11,13776,Thu,Weekday,Fitbit,19.6,0
2019-07-12,17189,Fri,Weekday,Fitbit,17.6,0
2019-07-13,18504,Sat,Weekend,Fitbit,16.9,11.7
2019-07-14,4246,Sun,Weekend,Fitbit,15.8,0.5
2019-07-15,14919,Mon,Weekday,Fitbit,14.2,0
2019-07-16,12218,Tue,Weekday,Fitbit,15.4,0
2019-07-17,13118,Wed,Weekday,Fitbit,18,0
2019-07-18,12511,Thu,Weekday,Fitbit,18.9,0
2019-07-19,18657,Fri,Weekday,Fitbit,19.9,0
2019-07-20,16722,Sat,Weekend,Fitbit,21.1,0
2019-07-21,22531,Sun,Weekend,Fitbit,19.3,8.4
2019-07-22,11158,Mon,Weekday,Fitbit,21.6,0
2019-07-23,10277,Tue,Weekday,Fitbit,25.8,0
2019-07-24,21246,Wed,Weekday,Fitbit,28.8,0
2019-07-25,14250,Thu,Weekday,Fitbit,29.7,0
2019-07-26,16059,Fri,Weekday,Fitbit,27,0.5
2019-07-27,7899,Sat,Weekend,Fitbit,18.9,3
2019-07-28,17441,Sun,Weekend,Fitbit,17.2,37.3
2019-07-29,15171,Mon,Weekday,Fitbit,19.2,7.1
2019-07-30,14262,Tue,Weekday,Fitbit,20.9,0
2019-07-31,21497,Wed,Weekday,Fitbit,18.2,0
2019-08-01,14849,Thu,Weekday,Fitbit,18.8,0
2019-08-02,21552,Fri,Weekday,Fitbit,18.2,0
2019-08-03,8732,Sat,Weekend,Fitbit,18.2,3.8
2019-08-04,15271,Sun,Weekend,Fitbit,20.2,0
2019-08-05,18407,Mon,Weekday,Fitbit,21.6,0
2019-08-06,10741,Tue,Weekday,Fitbit,19.8,0
2019-08-07,17487,Wed,Weekday,Fitbit,19.6,0
2019-08-08,14645,Thu,Weekday,Fitbit,19.1,0
2019-08-09,9093,Fri,Weekday,Fitbit,21.2,0
2019-08-10,30658,Sat,Weekend,Fitbit,21,1.3
2019-08-11,12363,Sun,Weekend,Fitbit,17.5,0
2019-08-12,14221,Mon,Weekday,Fitbit,15.8,0
2019-08-13,15693,Tue,Weekday,Fitbit,14.2,7.9
2019-08-14,21082,Wed,Weekday,Fitbit,15.7,1
2019-08-15,15411,Thu,Weekday,Fitbit,17.8,3.6
2019-08-16,16025,Fri,Weekday,Fitbit,17.6,2.3
2019-08-17,20965,Sat,Weekend,Fitbit,17.7,0
2019-08-18,16221,Sun,Weekend,Fitbit,16.7,3
2019-08-19,14,Mon,Weekday,Fitbit,16.5,9.4
2019-08-20,13823,Tue,Weekday,Fitbit,16.2,0
2019-08-21,15054,Wed,Weekday,Fitbit,16.4,0
2019-08-22,9088,Thu,Weekday,Fitbit,18.2,0
2019-08-23,31673,Fri,Weekday,Fitbit,19.4,0
2019-08-24,24354,Sat,Weekend,Fitbit,22,0
2019-08-25,21173,Sun,Weekend,Fitbit,23.2,0
2019-08-26,13974,Mon,Weekday,Fitbit,23.8,0
2019-08-27,19505,Tue,Weekday,Fitbit,25.7,0
2019-08-28,11803,Wed,Weekday,Fitbit,23.2,0
2019-08-29,16807,Thu,Weekday,Fitbit,18.9,1.8
2019-08-30,12911,Fri,Weekday,Fitbit,17.5,1.8
2019-08-31,16554,Sat,Weekend,Fitbit,20.4,0
2019-09-01,14414,Sun,Weekend,Fitbit,16.8,1
2019-09-02,12967,Mon,Weekday,Fitbit,15.4,0
2019-09-03,17470,Tue,Weekday,Fitbit,15.9,0
2019-09-04,10349,Wed,Weekday,Fitbit,15.9,0
2019-09-05,15262,Thu,Weekday,Fitbit,13.1,3
2019-09-06,21331,Fri,Weekday,Fitbit,13.6,1.5
2019-09-07,20598,Sat,Weekend,Fitbit,13.9,0
2019-09-08,18647,Sun,Weekend,Fitbit,13.3,3.6
2019-09-09,14585,Mon,Weekday,Fitbit,12.3,0
2019-09-10,14856,Tue,Weekday,Fitbit,14.4,0
2019-09-11,14593,Wed,Weekday,Fitbit,15.5,0
2019-09-12,21222,Thu,Weekday,Fitbit,19.4,1.5
2019-09-13,12152,Fri,Weekday,Fitbit,17.9,0.3
2019-09-14,20488,Sat,Weekend,Fitbit,15.7,0
2019-09-15,18226,Sun,Weekend,Fitbit,16.6,0
2019-09-16,14787,Mon,Weekday,Fitbit,16.3,0
2019-09-17,18344,Tue,Weekday,Fitbit,14.2,0
2019-09-18,16015,Wed,Weekday,Fitbit,11.6,0
2019-09-19,25132,Thu,Weekday,Fitbit,11.4,0
2019-09-20,18706,Fri,Weekday,Fitbit,12.6,0
2019-09-21,22643,Sat,Weekend,Fitbit,16.5,0
2019-09-22,4815,Sun,Weekend,Fitbit,19.7,0
2019-09-23,21902,Mon,Weekday,Fitbit,16.3,3.8
2019-09-24,7983,Tue,Weekday,Fitbit,15.1,0
2019-09-25,29023,Wed,Weekday,Fitbit,14.9,11.2
2019-09-26,14856,Thu,Weekday,Fitbit,15.9,0.5
2019-09-27,16946,Fri,Weekday,Fitbit,15.4,5.6
2019-09-28,25174,Sat,Weekend,Fitbit,14.4,0.5
2019-09-29,16934,Sun,Weekend,Fitbit,15.3,8.4
2019-09-30,15746,Mon,Weekday,Fitbit,14.6,9.7
2019-10-01,17223,Tue,Weekday,Fitbit,15.7,1.5
2019-10-02,12785,Wed,Weekday,Fitbit,10.4,18.8
2019-10-03,19205,Thu,Weekday,Fitbit,10.4,2
2019-10-04,12976,Fri,Weekday,Fitbit,11.9,0
2019-10-05,18739,Sat,Weekend,Fitbit,10.1,4.3
2019-10-06,18374,Sun,Weekend,Fitbit,11.1,0.5
2019-10-07,11825,Mon,Weekday,Fitbit,10.7,10.7
2019-10-08,9981,Tue,Weekday,Fitbit,13.2,1.8
2019-10-09,9262,Wed,Weekday,Fitbit,11.5,3.8
2019-10-10,17966,Thu,Weekday,Fitbit,12.4,1.3
2019-10-11,11169,Fri,Weekday,Fitbit,14.7,0
2019-10-12,17265,Sat,Weekend,Fitbit,15.8,0
2019-10-13,16653,Sun,Weekend,Fitbit,18.4,0
2019-10-14,16599,Mon,Weekday,Fitbit,16.9,0.5
2019-10-15,14892,Tue,Weekday,Fitbit,14.4,0.5
2019-10-16,10024,Wed,Weekday,Fitbit,12.7,0.5
2019-10-17,19647,Thu,Weekday,Fitbit,13.3,10.4
2019-10-18,16365,Fri,Weekday,Fitbit,12.8,0.3
2019-10-19,19206,Sat,Weekend,Fitbit,11.7,1.5
2019-10-20,12591,Sun,Weekend,Fitbit,10.4,2.8
2019-10-21,15979,Mon,Weekday,Fitbit,11.7,3.8
2019-10-22,10373,Tue,Weekday,Fitbit,12.3,6.1
2019-10-23,7150,Wed,Weekday,Fitbit,12.9,0
2019-10-24,12392,Thu,Weekday,Fitbit,15.1,0
2019-10-25,25673,Fri,Weekday,Fitbit,13.5,0
2019-10-26,12369,Sat,Weekend,Fitbit,16.4,0
2019-10-27,17706,Sun,Weekend,Fitbit,9.4,2.5
2019-10-28,13035,Mon,Weekday,Fitbit,7.8,5.6
2019-10-29,19279,Tue,Weekday,Fitbit,7.2,0
2019-10-30,13579,Wed,Weekday,Fitbit,4.6,0
2019-10-31,9245,Thu,Weekday,Fitbit,4.1,0
2019-11-01,23812,Fri,Weekday,Fitbit,9.7,0
2019-11-02,24574,Sat,Weekend,Fitbit,13.1,7.6
2019-11-03,16040,Sun,Weekend,Fitbit,10.7,3.3
2019-11-04,15048,Mon,Weekday,Fitbit,10.4,7.1
2019-11-05,15228,Tue,Weekday,Fitbit,8.8,0.3
2019-11-06,9716,Wed,Weekday,Fitbit,8.6,0
2019-11-07,18544,Thu,Weekday,Fitbit,7.4,1.3
2019-11-08,23527,Fri,Weekday,Fitbit,5.6,5.1
2019-11-09,18303,Sat,Weekend,Fitbit,5.7,0
2019-11-10,21826,Sun,Weekend,Fitbit,4.1,0.5
2019-11-11,20596,Mon,Weekday,Fitbit,5.6,0
2019-11-12,14300,Tue,Weekday,Fitbit,5,2.8
2019-11-13,10984,Wed,Weekday,Fitbit,6.4,1
2019-11-14,17979,Thu,Weekday,Fitbit,5.4,1
2019-11-15,8734,Fri,Weekday,Fitbit,3.6,0.5
2019-11-16,19967,Sat,Weekend,Fitbit,3.9,0
2019-11-17,18231,Sun,Weekend,Fitbit,3.8,0
2019-11-18,15828,Mon,Weekday,Fitbit,5.3,0
2019-11-19,21928,Tue,Weekday,Fitbit,3.9,4.1
2019-11-20,14006,Wed,Weekday,Fitbit,1.6,0
2019-11-21,18809,Thu,Weekday,Fitbit,1.4,0
2019-11-22,17728,Fri,Weekday,Fitbit,7.5,0
2019-11-23,18631,Sat,Weekend,Fitbit,6,0
2019-11-24,20797,Sun,Weekend,Fitbit,6.3,0
2019-11-25,15892,Mon,Weekday,Fitbit,8.2,0
2019-11-26,16212,Tue,Weekday,Fitbit,10.3,0.5
2019-11-27,13634,Wed,Weekday,Fitbit,10.4,8.9
2019-11-28,18229,Thu,Weekday,Fitbit,9.4,4.1
2019-11-29,14266,Fri,Weekday,Fitbit,6.4,5.1
2019-11-30,24318,Sat,Weekend,Fitbit,3,0
2019-12-01,10492,Sun,Weekend,Fitbit,1.3,0
2019-12-02,17419,Mon,Weekday,Fitbit,3.6,0
2019-12-03,13981,Tue,Weekday,Fitbit,3,0
2019-12-04,15164,Wed,Weekday,Fitbit,2.1,0
2019-12-05,24360,Thu,Weekday,Fitbit,0.8,0
2019-12-06,16778,Fri,Weekday,Fitbit,5.4,0
2019-12-07,22707,Sat,Weekend,Fitbit,8.9,6.1
2019-12-08,14112,Sun,Weekend,Fitbit,9.2,0
2019-12-09,12259,Mon,Weekday,Fitbit,6.6,8.6
2019-12-10,17231,Tue,Weekday,Fitbit,4.5,7.6
2019-12-11,14085,Wed,Weekday,Fitbit,5.6,0
2019-12-12,19357,Thu,Weekday,Fitbit,4.2,3.3
2019-12-13,16942,Fri,Weekday,Fitbit,5.7,3.6
2019-12-14,15523,Sat,Weekend,Fitbit,6.4,7.1
2019-12-15,15496,Sun,Weekend,Fitbit,7.4,3.8
2019-12-16,9562,Mon,Weekday,Fitbit,7.3,3.6
2019-12-17,8332,Tue,Weekday,Fitbit,11.4,0.3
2019-12-18,13342,Wed,Weekday,Fitbit,7.7,0.5
2019-12-19,10957,Thu,Weekday,Fitbit,11.9,0
2019-12-20,17974,Fri,Weekday,Fitbit,10.9,0
2019-12-21,25775,Sat,Weekend,Fitbit,7.6,1.3
2019-12-22,16347,Sun,Weekend,Fitbit,8.1,1
2019-12-23,15269,Mon,Weekday,Fitbit,7.8,10.9
2019-12-24,21517,Tue,Weekday,Fitbit,8.8,1.5
2019-12-25,13073,Wed,Weekday,Fitbit,6.8,0.5
2019-12-26,24376,Thu,Weekday,Fitbit,3.9,1
2019-12-27,11586,Fri,Weekday,Fitbit,6.1,2
2019-12-28,23301,Sat,Weekend,Fitbit,3.2,3.3
2019-12-29,16132,Sun,Weekend,Fitbit,1.5,0
2019-12-30,9786,Mon,Weekday,Fitbit,5.2,0
2019-12-31,19507,Tue,Weekday,Fitbit,3.3,0
2020-01-01,16903,Wed,Weekday,Fitbit,1.9,0
2020-01-02,16707,Thu,Weekday,Fitbit,4.1,0
2020-01-03,18046,Fri,Weekday,Fitbit,8.3,0
2020-01-04,18262,Sat,Weekend,Fitbit,5.4,4.3
2020-01-05,16172,Sun,Weekend,Fitbit,6.4,0
2020-01-06,12009,Mon,Weekday,Fitbit,5.5,0
2020-01-07,16923,Tue,Weekday,Fitbit,6.9,1
2020-01-08,11248,Wed,Weekday,Fitbit,10.7,0
2020-01-09,18335,Thu,Weekday,Fitbit,11.7,3.6
2020-01-10,12539,Fri,Weekday,Fitbit,7.3,1.8
2020-01-11,30260,Sat,Weekend,Fitbit,5.2,6.1
2020-01-12,13528,Sun,Weekend,Fitbit,7.1,0
2020-01-13,13355,Mon,Weekday,Fitbit,7.6,0.3
2020-01-14,17061,Tue,Weekday,Fitbit,10.6,0.3
2020-01-15,11509,Wed,Weekday,Fitbit,9.6,1.8
2020-01-16,24754,Thu,Weekday,Fitbit,7.6,1.5
2020-01-17,18236,Fri,Weekday,Fitbit,8.5,0
2020-01-18,14507,Sat,Weekend,Fitbit,4.2,0.3
2020-01-19,14390,Sun,Weekend,Fitbit,3.6,0
2020-01-20,14115,Mon,Weekday,Fitbit,2.4,0
2020-01-21,18890,Tue,Weekday,Fitbit,-0.7,0
2020-01-22,10282,Wed,Weekday,Fitbit,1.1,0
2020-01-23,16061,Thu,Weekday,Fitbit,2.6,0
2020-01-24,18519,Fri,Weekday,Fitbit,1.4,0
2020-01-25,16309,Sat,Weekend,Fitbit,1.6,0
2020-01-26,14876,Sun,Weekend,Fitbit,6.1,0
2020-01-27,11380,Mon,Weekday,Fitbit,8.2,5.1
2020-01-28,17587,Tue,Weekday,Fitbit,5.1,7.1
2020-01-29,14698,Wed,Weekday,Fitbit,5.1,0
2020-01-30,15210,Thu,Weekday,Fitbit,8.1,0
2020-01-31,16098,Fri,Weekday,Fitbit,11.2,3
2020-02-01,20025,Sat,Weekend,Fitbit,10.7,0
2020-02-02,20935,Sun,Weekend,Fitbit,9.9,10.2
2020-02-03,13215,Mon,Weekday,Fitbit,9.6,2
2020-02-04,21399,Tue,Weekday,Fitbit,5.4,10.4
2020-02-05,19961,Wed,Weekday,Fitbit,5.1,3.8
2020-02-06,19164,Thu,Weekday,Fitbit,4.3,0
2020-02-07,17104,Fri,Weekday,Fitbit,4.2,0
2020-02-08,19242,Sat,Weekend,Fitbit,8.1,0
2020-02-09,19836,Sun,Weekend,Fitbit,9.8,1.5
2020-02-10,11220,Mon,Weekday,Fitbit,7.9,3.3
2020-02-11,16249,Tue,Weekday,Fitbit,5.7,3.6
2020-02-12,13068,Wed,Weekday,Fitbit,4.8,0.3
2020-02-13,16189,Thu,Weekday,Fitbit,6.4,0
2020-02-14,14835,Fri,Weekday,Fitbit,7.5,6.3
2020-02-15,22923,Sat,Weekend,Fitbit,10,0.3
2020-02-16,16516,Sun,Weekend,Fitbit,12.4,0
2020-02-17,12962,Mon,Weekday,Fitbit,8.1,8.9
2020-02-18,19633,Tue,Weekday,Fitbit,6.7,1.3
2020-02-19,12248,Wed,Weekday,Fitbit,5.9,2.3
2020-02-20,17873,Thu,Weekday,Fitbit,7.9,1.8
2020-02-21,11599,Fri,Weekday,Fitbit,6.3,6.6
2020-02-22,8866,Sat,Weekend,Fitbit,7.9,0
2020-02-23,16114,Sun,Weekend,Fitbit,10.1,0.8
2020-02-24,7383,Mon,Weekday,Fitbit,8.3,5.1
2020-02-25,12548,Tue,Weekday,Fitbit,7.1,5.1
2020-02-26,11696,Wed,Weekday,Fitbit,3.4,6.1
2020-02-27,14356,Thu,Weekday,Fitbit,2.1,12.7
2020-02-28,13140,Fri,Weekday,Fitbit,4.2,10.4
2020-02-29,18310,Sat,Weekend,Fitbit,8.6,2.8
2020-03-01,1682,Sun,Weekend,Fitbit,6.9,1.5
2020-03-02,5857,Mon,Weekday,Fitbit,5.9,0
2020-03-03,16959,Tue,Weekday,Fitbit,4.4,5.3
2020-03-04,10929,Wed,Weekday,Fitbit,5.8,1
2020-03-05,14426,Thu,Weekday,Fitbit,6.1,5.8
2020-03-06,7753,Fri,Weekday,Fitbit,5.4,13.2
2020-03-07,19029,Sat,Weekend,Fitbit,6.6,9.4
2020-03-08,13978,Sun,Weekend,Fitbit,8.2,0.5
2020-03-09,12238,Mon,Weekday,Fitbit,7.8,3.6
2020-03-10,17487,Tue,Weekday,Fitbit,10.5,0.5
2020-03-11,14221,Wed,Weekday,Fitbit,12.5,14.2
2020-03-12,16791,Thu,Weekday,Fitbit,9.1,14.7
2020-03-13,9816,Fri,Weekday,Fitbit,6.9,1.5
2020-03-14,14962,Sat,Weekend,Fitbit,6.9,0.8
2020-03-15,20647,Sun,Weekend,Fitbit,10.2,0
2020-03-16,13706,Mon,Weekday,Fitbit,8.6,0
2020-03-17,20134,Tue,Weekday,Fitbit,8.3,0
2020-03-18,12721,Wed,Weekday,Fitbit,10.4,0
2020-03-19,15819,Thu,Weekday,Fitbit,8.4,0
2020-03-20,12217,Fri,Weekday,Fitbit,7.1,0
2020-03-21,4413,Sat,Weekend,Fitbit,5.8,2.8
2020-03-22,8099,Sun,Weekend,Fitbit,5.3,0
2020-03-23,14752,Mon,Weekday,Fitbit,5.3,0
2020-03-24,16123,Tue,Weekday,Fitbit,5.4,0
2020-03-25,13312,Wed,Weekday,Fitbit,4.8,0
2020-03-26,14697,Thu,Weekday,Fitbit,5.5,0
2020-03-27,13847,Fri,Weekday,Fitbit,6.9,0
2020-03-28,20013,Sat,Weekend,Fitbit,7.6,0
2020-03-29,16713,Sun,Weekend,Fitbit,4.4,0
2020-03-30,15822,Mon,Weekday,Fitbit,3.2,0
2020-03-31,18213,Tue,Weekday,Fitbit,4.2,0
2020-04-01,16632,Wed,Weekday,Fitbit,4.1,0
2020-04-02,11019,Thu,Weekday,Fitbit,5.8,0
2020-04-03,22420,Fri,Weekday,Fitbit,7.8,0
2020-04-04,21624,Sat,Weekend,Fitbit,10,0
2020-04-05,21159,Sun,Weekend,Fitbit,13.7,0
2020-04-06,26587,Mon,Weekday,Fitbit,15.2,0
2020-04-07,18537,Tue,Weekday,Fitbit,13.7,0
2020-04-08,19076,Wed,Weekday,Fitbit,15.8,0
2020-04-09,19632,Thu,Weekday,Fitbit,14.8,0
2020-04-10,19879,Fri,Weekday,Fitbit,13.8,0
2020-04-11,22193,Sat,Weekend,Fitbit,14.4,0
2020-04-12,18385,Sun,Weekend,Fitbit,15.8,0
2020-04-13,21293,Mon,Weekday,Fitbit,8.8,0
2020-04-14,22155,Tue,Weekday,Fitbit,6.4,0
2020-04-15,15767,Wed,Weekday,Fitbit,9.8,0
2020-04-16,18401,Thu,Weekday,Fitbit,14.7,0
2020-04-17,15296,Fri,Weekday,Fitbit,13.7,0
2020-04-18,25993,Sat,Weekend,Fitbit,10.9,0
2020-04-19,20122,Sun,Weekend,Fitbit,10.7,3.8
2020-04-20,17539,Mon,Weekday,Fitbit,12.9,0
2020-04-21,16430,Tue,Weekday,Fitbit,13.9,0
2020-04-22,15464,Wed,Weekday,Fitbit,14.7,0
2020-04-23,21283,Thu,Weekday,Fitbit,15.4,0
2020-04-24,19609,Fri,Weekday,Fitbit,11.9,0
2020-04-25,20095,Sat,Weekend,Fitbit,9.8,0
2020-04-26,21623,Sun,Weekend,Fitbit,10.4,0
2020-04-27,22684,Mon,Weekday,Fitbit,13.9,0
2020-04-28,18915,Tue,Weekday,Fitbit,11.8,0
2020-04-29,10123,Wed,Weekday,Fitbit,12.2,17.5
2020-04-30,16542,Thu,Weekday,Fitbit,10.8,1.3
2020-05-01,19818,Fri,Weekday,Fitbit,10.6,3.8
2020-05-02,18015,Sat,Weekend,Fitbit,9.9,4.1
2020-05-03,22168,Sun,Weekend,Fitbit,11.1,3.6
2020-05-04,12661,Mon,Weekday,Fitbit,11.8,0
2020-05-05,18372,Tue,Weekday,Fitbit,9.8,0.3
2020-05-06,11035,Wed,Weekday,Fitbit,11.1,0
2020-05-07,19172,Thu,Weekday,Fitbit,14.2,0
2020-05-08,28688,Fri,Weekday,Fitbit,15.7,0
2020-05-09,22277,Sat,Weekend,Fitbit,17.1,0
2020-05-10,17158,Sun,Weekend,Fitbit,14.9,0
2020-05-11,15764,Mon,Weekday,Fitbit,8.1,1.8
2020-05-12,16655,Tue,Weekday,Fitbit,7.3,0
2020-05-13,15294,Wed,Weekday,Fitbit,8.2,0
2020-05-14,19472,Thu,Weekday,Fitbit,8.3,0
2020-05-15,18272,Fri,Weekday,Fitbit,9.4,0
2020-05-16,17646,Sat,Weekend,Fitbit,10.7,0
2020-05-17,16848,Sun,Weekend,Fitbit,13,0
2020-05-18,14558,Mon,Weekday,Fitbit,16.2,0
2020-05-19,18383,Tue,Weekday,Fitbit,16.6,0
2020-05-20,16449,Wed,Weekday,Fitbit,18,0
2020-05-21,17015,Thu,Weekday,Fitbit,19.9,0
2020-05-22,21514,Fri,Weekday,Fitbit,19.4,0
2020-05-23,18946,Sat,Weekend,Fitbit,15.2,0.3
2020-05-24,17165,Sun,Weekend,Fitbit,13.7,0
2020-05-25,15196,Mon,Weekday,Fitbit,17.1,0.3
2020-05-26,14125,Tue,Weekday,Fitbit,17.6,0
2020-05-27,16069,Wed,Weekday,Fitbit,17,0
2020-05-28,16318,Thu,Weekday,Fitbit,15.3,0
2020-05-29,17717,Fri,Weekday,Fitbit,16.2,0
2020-05-30,20457,Sat,Weekend,Fitbit,17.8,0
2020-05-31,16319,Sun,Weekend,Fitbit,17.2,0
2020-06-01,20470,Mon,Weekday,Fitbit,18.9,0
2020-06-02,16346,Tue,Weekday,Fitbit,20.4,0
2020-06-03,2997,Wed,Weekday,Fitbit,17.4,0
2020-06-04,11024,Thu,Weekday,Fitbit,13.1,0.3
2020-06-05,9621,Fri,Weekday,Fitbit,10.7,1
2020-06-06,24131,Sat,Weekend,Fitbit,11.9,6.3
2020-06-07,17265,Sun,Weekend,Fitbit,13.9,0.8
2020-06-08,10942,Mon,Weekday,Fitbit,13.1,0.5
2020-06-09,16194,Tue,Weekday,Fitbit,12.8,9.4
2020-06-10,12904,Wed,Weekday,Fitbit,13.4,0.8
2020-06-11,19039,Thu,Weekday,Fitbit,15.8,1.3
2020-06-12,20698,Fri,Weekday,Fitbit,17.3,0
2020-06-13,19377,Sat,Weekend,Fitbit,19.7,8.9
2020-06-14,17251,Sun,Weekend,Fitbit,19.3,0.3
2020-06-15,15138,Mon,Weekday,Fitbit,20.3,0
2020-06-16,14828,Tue,Weekday,Fitbit,19.4,0
2020-06-17,8583,Wed,Weekday,Fitbit,17.8,0
2020-06-18,20224,Thu,Weekday,Fitbit,17.7,11.9
2020-06-19,23831,Fri,Weekday,Fitbit,17.6,2.3
2020-06-20,21896,Sat,Weekend,Fitbit,17.1,0
2020-06-21,15759,Sun,Weekend,Fitbit,18.4,0
2020-06-22,17460,Mon,Weekday,Fitbit,17.7,8.6
2020-06-23,15512,Tue,Weekday,Fitbit,20.7,0
2020-06-24,16920,Wed,Weekday,Fitbit,23.6,0
2020-06-25,19062,Thu,Weekday,Fitbit,24,0
2020-06-26,21278,Fri,Weekday,Fitbit,23.9,0
2020-06-27,25761,Sat,Weekend,Fitbit,20.8,0
2020-06-28,15443,Sun,Weekend,Fitbit,18,1
2020-06-29,15152,Mon,Weekday,Fitbit,16.3,0
2020-06-30,16165,Tue,Weekday,Fitbit,16.6,0
2020-07-01,13033,Wed,Weekday,Fitbit,17.9,6.3
2020-07-02,18493,Thu,Weekday,Fitbit,17.3,22.6
2020-07-03,16191,Fri,Weekday,Fitbit,17.3,0
2020-07-04,35423,Sat,Weekend,Fitbit,17.8,0
2020-07-05,19931,Sun,Weekend,Fitbit,18.6,0.5
2020-07-06,9021,Mon,Weekday,Fitbit,15.4,0.5
2020-07-07,9023,Tue,Weekday,Fitbit,16.9,0.8
2020-07-08,8434,Wed,Weekday,Fitbit,15.1,0
2020-07-09,13145,Thu,Weekday,Fitbit,19,10.4
2020-07-10,16235,Fri,Weekday,Fitbit,16.4,0.3
2020-07-11,24724,Sat,Weekend,Fitbit,15,0.3
2020-07-12,16915,Sun,Weekend,Fitbit,15.7,0
2020-07-13,12367,Mon,Weekday,Fitbit,17.9,0
2020-07-14,12066,Tue,Weekday,Fitbit,15.6,0
2020-07-15,13510,Wed,Weekday,Fitbit,16.2,3.8
2020-07-16,13063,Thu,Weekday,Fitbit,15.5,0
2020-07-17,15914,Fri,Weekday,Fitbit,17.4,1.5
2020-07-18,30881,Sat,Weekend,Fitbit,20.1,0.3
2020-07-19,16819,Sun,Weekend,Fitbit,18.4,0
2020-07-20,12103,Mon,Weekday,Fitbit,16.7,0.5
2020-07-21,12810,Tue,Weekday,Fitbit,15.4,1.8
2020-07-22,8911,Wed,Weekday,Fitbit,15.7,0
2020-07-23,13250,Thu,Weekday,Fitbit,19,0
2020-07-24,11833,Fri,Weekday,Fitbit,18.2,0
2020-07-25,16484,Sat,Weekend,Fitbit,19.4,2
2020-07-26,14000,Sun,Weekend,Fitbit,18.9,2.5
2020-07-27,13933,Mon,Weekday,Fitbit,20.8,0.8
2020-07-28,14534,Tue,Weekday,Fitbit,19.1,0.3
2020-07-29,17745,Wed,Weekday,Fitbit,17.4,0
2020-07-30,13540,Thu,Weekday,Fitbit,21.1,0
2020-07-31,19660,Fri,Weekday,Fitbit,26.8,0
2020-08-01,23389,Sat,Weekend,Fitbit,22.6,0
2020-08-23,12528,Sun,Weekend,MiBand,18,0.8
2020-08-24,15529,Mon,Weekday,MiBand,16.6,0
2020-08-25,20905,Tue,Weekday,MiBand,17.8,2.8
2020-08-26,13744,Wed,Weekday,MiBand,17.9,0.5
2020-08-27,14391,Thu,Weekday,MiBand,16.8,0
2020-08-28,24800,Fri,Weekday,MiBand,16.1,1
2020-08-29,12258,Sat,Weekend,MiBand,14.3,4.8
2020-08-30,10444,Sun,Weekend,MiBand,14.7,0
2020-08-31,20021,Mon,Weekday,MiBand,15.1,13.2
2020-09-01,11166,Tue,Weekday,MiBand,13.9,0
2020-09-02,4464,Wed,Weekday,MiBand,15,0
2020-09-03,2725,Thu,Weekday,MiBand,17.6,0
2020-09-04,9262,Fri,Weekday,MiBand,18.3,0.5
2020-09-05,11842,Sat,Weekend,MiBand,15.3,1.5
2020-09-06,12848,Sun,Weekend,MiBand,13.9,1.3
2020-09-07,11517,Mon,Weekday,MiBand,15.3,0
2020-09-08,12421,Tue,Weekday,MiBand,16.9,0
2020-09-09,12082,Wed,Weekday,MiBand,19.2,0
2020-09-10,12396,Thu,Weekday,MiBand,16.3,0.3
2020-09-11,10500,Fri,Weekday,MiBand,15.4,0
2020-09-12,15705,Sat,Weekend,MiBand,16.1,0
2020-09-13,17149,Sun,Weekend,MiBand,17.3,0
2020-09-14,12036,Mon,Weekday,MiBand,21.1,0
2020-09-15,11047,Tue,Weekday,MiBand,24.7,0
2020-09-16,12346,Wed,Weekday,MiBand,20.7,0
2020-09-17,13289,Thu,Weekday,MiBand,15,0
2020-09-18,13067,Fri,Weekday,MiBand,15.1,0
2020-09-19,29255,Sat,Weekend,MiBand,18.1,0
2020-09-20,12511,Sun,Weekend,MiBand,17,0
2020-09-21,11366,Mon,Weekday,MiBand,15.2,0
2020-09-22,14000,Tue,Weekday,MiBand,16.3,0
2020-09-23,11351,Wed,Weekday,MiBand,17.6,0
2020-09-24,12956,Thu,Weekday,MiBand,13.7,4.8
2020-09-25,6831,Fri,Weekday,MiBand,10.2,4.1
2020-09-26,18121,Sat,Weekend,MiBand,11.4,10.4
2020-09-27,13646,Sun,Weekend,MiBand,13.5,27.7
2020-09-28,9111,Mon,Weekday,MiBand,12.8,10.9
2020-09-29,11897,Tue,Weekday,MiBand,14.8,10.7
2020-09-30,13773,Wed,Weekday,MiBand,15.9,0.8
2020-10-01,11449,Thu,Weekday,MiBand,13.5,0
2020-10-02,16502,Fri,Weekday,MiBand,11.8,13
2020-10-03,16835,Sat,Weekend,MiBand,12.1,2.8
2020-10-04,14054,Sun,Weekend,MiBand,11.6,5.1
2020-10-05,7611,Mon,Weekday,MiBand,12,0.8
2020-10-06,13780,Tue,Weekday,MiBand,12.8,2.5
2020-10-07,10428,Wed,Weekday,MiBand,12.2,1.5
2020-10-08,13900,Thu,Weekday,MiBand,13.9,0
2020-10-09,9257,Fri,Weekday,MiBand,12.2,6.3
2020-10-10,18933,Sat,Weekend,MiBand,9.7,0.3
2020-10-11,17732,Sun,Weekend,MiBand,9.3,5.6
2020-10-12,13337,Mon,Weekday,MiBand,10.2,0.5
2020-10-13,13217,Tue,Weekday,MiBand,9.8,0
2020-10-14,11945,Wed,Weekday,MiBand,7.7,0
2020-10-15,12580,Thu,Weekday,MiBand,8.9,0
2020-10-16,12732,Fri,Weekday,MiBand,8.4,0
2020-10-17,12964,Sat,Weekend,MiBand,8,0
2020-10-18,13529,Sun,Weekend,MiBand,9.7,0
2020-10-19,15380,Mon,Weekday,MiBand,10.1,0
2020-10-20,12460,Tue,Weekday,MiBand,12.8,0
2020-10-21,11841,Wed,Weekday,MiBand,15.8,0
2020-10-22,12461,Thu,Weekday,MiBand,14.3,4.8
2020-10-23,11809,Fri,Weekday,MiBand,13.8,5.6
2020-10-24,32610,Sat,Weekend,MiBand,13.8,0
2020-10-25,12428,Sun,Weekend,MiBand,12.1,0.5
2020-10-26,13915,Mon,Weekday,MiBand,10.3,8.1
2020-10-27,12271,Tue,Weekday,MiBand,9.9,0
2020-10-28,3823,Wed,Weekday,MiBand,11.2,1
2020-10-29,14371,Thu,Weekday,MiBand,11.1,10.2
2020-10-30,14986,Fri,Weekday,MiBand,14,2.5
2020-10-31,16850,Sat,Weekend,MiBand,13.4,0
2020-11-01,14875,Sun,Weekend,MiBand,14.5,1.8
2020-11-02,12777,Mon,Weekday,MiBand,15.8,1.5
2020-11-03,12437,Tue,Weekday,MiBand,8.8,4.3
2020-11-04,12197,Wed,Weekday,MiBand,6.6,0
2020-11-05,10289,Thu,Weekday,MiBand,5.3,0
2020-11-06,22937,Fri,Weekday,MiBand,5.7,0
2020-11-07,16628,Sat,Weekend,MiBand,9.1,0
2020-11-08,17333,Sun,Weekend,MiBand,11.8,0
2020-11-09,11832,Mon,Weekday,MiBand,12.4,0
2020-11-10,16835,Tue,Weekday,MiBand,11.6,0
2020-11-11,13323,Wed,Weekday,MiBand,10.8,7.6
2020-11-12,12255,Thu,Weekday,MiBand,10.4,0
2020-11-13,5790,Fri,Weekday,MiBand,10.7,1
2020-11-14,7956,Sat,Weekend,MiBand,13,0
2020-11-15,13096,Sun,Weekend,MiBand,12.7,0
2020-11-16,11348,Mon,Weekday,MiBand,10.2,7.9
2020-11-17,15843,Tue,Weekday,MiBand,11.3,0.8
2020-11-18,10812,Wed,Weekday,MiBand,12.4,0
2020-11-19,9374,Thu,Weekday,MiBand,8.6,1
2020-11-20,12725,Fri,Weekday,MiBand,4.6,0
2020-11-21,21609,Sat,Weekend,MiBand,7.8,0
2020-11-22,16869,Sun,Weekend,MiBand,8.9,0
2020-11-23,10905,Mon,Weekday,MiBand,8.2,1
2020-11-24,2066,Tue,Weekday,MiBand,8,0
2020-11-25,11907,Wed,Weekday,MiBand,7.2,0
2020-11-26,13439,Thu,Weekday,MiBand,8.2,0
2020-11-27,13605,Fri,Weekday,MiBand,6.7,0
2020-11-28,17858,Sat,Weekend,MiBand,5.2,0
2020-11-29,18918,Sun,Weekend,MiBand,2.1,0
2020-11-30,11955,Mon,Weekday,MiBand,1.8,0
2020-12-01,14792,Tue,Weekday,MiBand,7.6,5.6
2020-12-02,9309,Wed,Weekday,MiBand,6.2,4.8
2020-12-03,12291,Thu,Weekday,MiBand,5.8,0
2020-12-04,11802,Fri,Weekday,MiBand,5.2,3.8
2020-12-05,23216,Sat,Weekend,MiBand,2.6,1
2020-12-06,15270,Sun,Weekend,MiBand,-0.1,0
2020-12-07,13326,Mon,Weekday,MiBand,1.6,0
2020-12-08,28496,Tue,Weekday,MiBand,0.9,0
2020-12-09,11292,Wed,Weekday,MiBand,1.4,0
2020-12-10,12650,Thu,Weekday,MiBand,2.7,0
2020-12-11,17426,Fri,Weekday,MiBand,4.1,0
2020-12-12,30447,Sat,Weekend,MiBand,7.8,4.3
2020-12-13,12898,Sun,Weekend,MiBand,6.5,1.5
2020-12-14,11869,Mon,Weekday,MiBand,9.3,0.5
2020-12-15,17483,Tue,Weekday,MiBand,8.4,5.3
2020-12-16,12143,Wed,Weekday,MiBand,8.1,3.8
2020-12-17,15782,Thu,Weekday,MiBand,8.9,0
2020-12-18,19536,Fri,Weekday,MiBand,8.6,2.5
2020-12-19,22139,Sat,Weekend,MiBand,8.9,0
2020-12-20,11917,Sun,Weekend,MiBand,8.5,0.5
2020-12-21,10431,Mon,Weekday,MiBand,8.4,0.5
2020-12-22,16085,Tue,Weekday,MiBand,12.8,3.8
2020-12-23,24392,Wed,Weekday,MiBand,11.4,4.6
2020-12-24,20318,Thu,Weekday,MiBand,5.7,7.1
2020-12-25,12843,Fri,Weekday,MiBand,3.1,2.8
2020-12-26,17689,Sat,Weekend,MiBand,3.6,0.5
2020-12-27,6331,Sun,Weekend,MiBand,4.8,0.3
2020-12-28,25267,Mon,Weekday,MiBand,2.8,16
2020-12-29,25872,Tue,Weekday,MiBand,2.7,0.3
2020-12-30,24845,Wed,Weekday,MiBand,3.2,0
2020-12-31,14711,Thu,Weekday,MiBand,2.4,4.3
2021-01-01,12838,Fri,Weekday,MiBand,2,3.3
2021-01-02,17732,Sat,Weekend,MiBand,2.5,0
2021-01-03,11164,Sun,Weekend,MiBand,2.4,0
2021-01-04,12782,Mon,Weekday,MiBand,2,0
2021-01-05,16956,Tue,Weekday,MiBand,2,1.5
2021-01-06,10933,Wed,Weekday,MiBand,2.3,0
2021-01-07,8329,Thu,Weekday,MiBand,2,0
2021-01-08,7619,Fri,Weekday,MiBand,1.9,0.8
2021-01-09,8739,Sat,Weekend,MiBand,-0.6,2
2021-01-10,10529,Sun,Weekend,MiBand,0.4,0
2021-01-11,13855,Mon,Weekday,MiBand,3.4,0
2021-01-12,4092,Tue,Weekday,MiBand,5.8,1.5
2021-01-13,11439,Wed,Weekday,MiBand,2.8,18.3
2021-01-14,13852,Thu,Weekday,MiBand,1.7,0.3
2021-01-15,10450,Fri,Weekday,MiBand,0.2,4.8
2021-01-16,13353,Sat,Weekend,MiBand,-0.1,0
2021-01-17,4922,Sun,Weekend,MiBand,4.2,1.3
2021-01-18,15268,Mon,Weekday,MiBand,4.3,1.5
2021-01-19,9651,Tue,Weekday,MiBand,6.2,0
2021-01-20,19228,Wed,Weekday,MiBand,8.6,6.3
2021-01-21,10688,Thu,Weekday,MiBand,7.7,0.5
2021-01-22,6472,Fri,Weekday,MiBand,4.1,12.7
2021-01-23,15408,Sat,Weekend,MiBand,3.1,0.8
2021-01-24,11493,Sun,Weekend,MiBand,1.4,2
2021-01-25,19568,Mon,Weekday,MiBand,2.2,1.5
2021-01-26,11426,Tue,Weekday,MiBand,3.1,0.3
2021-01-27,14099,Wed,Weekday,MiBand,3.6,0
2021-01-28,15589,Thu,Weekday,MiBand,8.5,0.8
2021-01-29,7238,Fri,Weekday,MiBand,9.2,13.7
2021-01-30,13325,Sat,Weekend,MiBand,2.4,9.1
2021-01-31,7104,Sun,Weekend,MiBand,0.6,7.6
2021-02-01,13923,Mon,Weekday,MiBand,3.1,4.3
2021-02-02,13447,Tue,Weekday,MiBand,7.9,1.5
2021-02-03,23059,Wed,Weekday,MiBand,9.4,3.3
2021-02-04,21257,Thu,Weekday,MiBand,7.4,13.7
2021-02-05,11249,Fri,Weekday,MiBand,7.6,0
2021-02-06,11262,Sat,Weekend,MiBand,4.8,0
2021-02-07,11176,Sun,Weekend,MiBand,-2.1,10.2
2021-02-08,10670,Mon,Weekday,MiBand,-5.4,3
2021-02-09,13239,Tue,Weekday,MiBand,-6.4,0.8
2021-02-10,14783,Wed,Weekday,MiBand,-7.6,0
2021-02-11,19269,Thu,Weekday,MiBand,12,0
2021-02-12,13405,Fri,Weekday,MiBand,13,0
2021-02-13,12821,Sat,Weekend,MiBand,-1.9,0
2021-02-14,15433,Sun,Weekend,MiBand,-0.6,0
2021-02-15,12124,Mon,Weekday,MiBand,4,0
2021-02-16,10510,Tue,Weekday,MiBand,8.5,2.3
2021-02-17,19729,Wed,Weekday,MiBand,9.5,3.6
2021-02-18,20669,Thu,Weekday,MiBand,8.2,0
2021-02-19,11106,Fri,Weekday,MiBand,5.2,3.6
2021-02-20,15075,Sat,Weekend,MiBand,14.4,0
2021-02-21,9035,Sun,Weekend,MiBand,12.2,0
2021-02-22,15834,Mon,Weekday,MiBand,12.6,0
2021-02-23,22884,Tue,Weekday,MiBand,14.1,0
2021-02-24,12320,Wed,Weekday,MiBand,14,0
2021-02-25,15726,Thu,Weekday,MiBand,11.7,0
2021-02-26,8890,Fri,Weekday,MiBand,7.2,4.3
2021-02-27,9989,Sat,Weekend,MiBand,3.2,1
2021-02-28,16849,Sun,Weekend,MiBand,5.2,0
2021-03-01,12786,Mon,Weekday,MiBand,4.9,0
2021-03-02,14469,Tue,Weekday,MiBand,8.1,0
2021-03-03,22245,Wed,Weekday,MiBand,10.2,0
2021-03-04,5736,Thu,Weekday,MiBand,4.8,0.3
2021-03-05,18475,Fri,Weekday,MiBand,2.8,13.2
2021-03-06,11373,Sat,Weekend,MiBand,1.4,0
2021-03-07,17225,Sun,Weekend,MiBand,1.2,0
2021-03-08,15319,Mon,Weekday,MiBand,4.3,0
2021-03-09,9855,Tue,Weekday,MiBand,5.3,0
2021-03-10,8696,Wed,Weekday,MiBand,6.7,0.5
2021-03-11,12005,Thu,Weekday,MiBand,9.6,0.5
2021-03-12,15176,Fri,Weekday,MiBand,7.1,1.5
2021-03-13,14575,Sat,Weekend,MiBand,7.4,0.3
2021-03-14,16164,Sun,Weekend,MiBand,5.9,7.6
2021-03-15,18157,Mon,Weekday,MiBand,6.3,1.5
